threshold_weeks,threshold_days,n_chains,total_infections,total_captured,pooled_frac_captured,mean_chain_frac_captured,median_chain_frac_captured
4,28,473,5965441,14784,0.0024782744477734337,0.0024135403648914517,0.0
5,35,389,5964112,14781,0.0024783236800382017,0.002715991154190775,0.0
6,42,320,5962730,14779,0.002478562671796308,0.0030086579968131603,0.0
7,49,275,5961585,14772,0.0024778645276382037,0.0023731998323201576,0.0
8,56,230,5960122,14768,0.0024778016288928314,0.002536388293364517,0.0
9,63,196,5958209,14766,0.0024782615044218826,0.002798948173344295,0.0002632964718272775
10,70,163,5956002,14761,0.0024783403363531444,0.0030461204192807323,0.001314060446780552
11,77,153,5955239,14757,0.002477986189974911,0.002837885514174337,0.001658649859014762
12,84,137,5954077,14754,0.0024779659382974054,0.0029936321617953015,0.0019637998343783273
13,91,125,5952240,14748,0.002477722672472884,0.002912206320513122,0.0020833333333333333
14,98,120,5951891,14747,0.0024776999444378264,0.0028599371394233907,0.002108852984960505
15,105,101,5948369,14733,0.0024768133920407428,0.002573368729195759,0.00205761316872428
16,112,95,5946436,14730,0.002477114022584284,0.002606827161311324,0.0021050299135829823
17,119,82,5941725,14719,0.002477226731294363,0.0024561382118137454,0.0021364637155217242
18,126,73,5939072,14713,0.0024773230565313907,0.0024311543788063735,0.00216025137470542
19,133,69,5938248,14708,0.002476824814322339,0.002219322108193058,0.0021050299135829823
20,140,67,5935725,14707,0.002477709125675465,0.002220677602662156,0.0021050299135829823
21,147,63,5934413,14707,0.0024782569059484064,0.002361673006005785,0.00216025137470542
22,154,61,5929363,14705,0.0024800303169159993,0.002340349229390529,0.00216025137470542
23,161,56,5852805,14701,0.0025117870832874153,0.002397886757351398,0.002166207746886097
24,168,54,5851890,14697,0.002511496285815352,0.0023892314910544713,0.002166207746886097
25,175,45,5844837,14673,0.00251042073542855,0.0020523379240020823,0.002112676056338028
26,182,36,5830794,14644,0.002511493288907137,0.0020538236110727915,0.0021364637155217242
