chain,n_merge_nodes,n_pair_rows,n_other_chains,n_sequenced_tips,n_shallow_merge_nodes,n_shallow_pair_rows,n_other_chains_shallow
136,20,152,120,270,13.0,40.0,8.0
164,282,1690,120,10271,250.0,1539.0,14.0
187,26,163,120,1161,20.0,46.0,4.0
230,6,120,120,2,4.0,12.0,12.0
240,53,211,120,1565,47.0,95.0,5.0
276,3,120,120,94,,,
429,3,120,120,348,,,
432,10,120,120,437,4.0,10.0,10.0
458,10,120,120,6,4.0,6.0,6.0
460,6,120,120,4,4.0,12.0,12.0
464,11,120,120,39,5.0,6.0,6.0
465,10,120,120,52,7.0,21.0,21.0
474,10,120,120,83,6.0,9.0,9.0
482,9,120,120,2,6.0,21.0,21.0
503,7,120,120,1,4.0,21.0,21.0
504,5,120,120,67,2.0,7.0,7.0
508,17,120,120,1,11.0,23.0,23.0
510,10,120,120,2,7.0,21.0,21.0
511,9,120,120,9,5.0,9.0,9.0
512,10,120,120,2,6.0,10.0,10.0
517,6,120,120,11,3.0,9.0,9.0
534,8,120,120,10,4.0,9.0,9.0
536,12,120,120,2,9.0,21.0,21.0
539,12,120,120,2,9.0,21.0,21.0
548,8,120,120,7,4.0,9.0,9.0
551,6,120,120,2,4.0,12.0,12.0
562,32,146,120,56,29.0,35.0,9.0
572,10,120,120,14,7.0,21.0,21.0
579,10,120,120,22,4.0,5.0,5.0
590,14,120,120,3,8.0,23.0,23.0
592,10,120,120,17,4.0,7.0,7.0
599,11,120,120,1,6.0,24.0,24.0
601,11,120,120,35,7.0,10.0,10.0
616,10,120,120,1,4.0,12.0,12.0
620,10,120,120,1,5.0,24.0,24.0
628,11,120,120,3,6.0,24.0,24.0
629,13,120,120,2,6.0,10.0,10.0
634,13,120,120,3,7.0,23.0,23.0
638,8,120,120,10,3.0,3.0,3.0
665,13,120,120,5,7.0,23.0,23.0
670,9,120,120,1,6.0,21.0,21.0
673,11,120,120,5,5.0,5.0,5.0
674,8,120,120,19,3.0,3.0,3.0
675,10,120,120,1,6.0,9.0,9.0
676,13,120,120,20,6.0,10.0,10.0
687,14,120,120,2,8.0,23.0,23.0
691,11,120,120,1,5.0,5.0,5.0
694,9,120,120,1,5.0,10.0,10.0
696,9,120,120,2,6.0,21.0,21.0
709,8,120,120,2,5.0,21.0,21.0
712,9,120,120,12,4.0,10.0,10.0
717,12,120,120,1,9.0,21.0,21.0
746,11,120,120,1,6.0,24.0,24.0
748,9,120,120,1,5.0,9.0,9.0
754,9,120,120,1,3.0,5.0,5.0
767,10,120,120,3,6.0,9.0,9.0
769,8,120,120,2,5.0,21.0,21.0
787,10,120,120,1,5.0,24.0,24.0
810,10,120,120,2,7.0,21.0,21.0
837,9,120,120,2,6.0,21.0,21.0
840,12,120,120,1,5.0,10.0,10.0
847,9,120,120,8,5.0,10.0,10.0
866,12,120,120,1,6.0,12.0,12.0
914,11,120,120,1,4.0,10.0,10.0
917,11,120,120,1,6.0,24.0,24.0
919,12,120,120,5,6.0,7.0,7.0
931,15,120,120,1,9.0,23.0,23.0
935,6,120,120,1,3.0,9.0,9.0
968,10,120,120,1,7.0,21.0,21.0
1013,10,120,120,3,5.0,24.0,24.0
1014,10,120,120,3,6.0,10.0,10.0
1049,4,120,120,1,2.0,12.0,12.0
1056,12,120,120,4,6.0,23.0,23.0
1074,11,120,120,1,5.0,12.0,12.0
1145,9,120,120,1,4.0,10.0,10.0
1190,17,120,120,1,11.0,23.0,23.0
1192,7,120,120,1,4.0,21.0,21.0
1199,13,120,120,2,7.0,12.0,12.0
1244,15,120,120,1,9.0,23.0,23.0
1288,14,120,120,1,8.0,23.0,23.0
1487,46,263,120,1,41.0,156.0,14.0
1561,6,120,120,1,3.0,7.0,7.0
1604,10,120,120,1,6.0,9.0,9.0
1616,7,120,120,1,4.0,21.0,21.0
1639,8,120,120,1,3.0,5.0,5.0
1669,10,120,120,1,6.0,10.0,10.0
1691,29,288,120,1,22.0,175.0,10.0
1708,14,120,120,1,8.0,23.0,23.0
1794,37,233,120,2,30.0,123.0,13.0
1859,20,152,120,2,13.0,40.0,8.0
1882,11,120,120,1,8.0,21.0,21.0
1903,26,163,120,1,20.0,46.0,4.0
2015,12,120,120,1,9.0,21.0,21.0
2038,34,293,120,1,26.0,179.0,10.0
2040,11,120,120,1,8.0,21.0,21.0
2041,13,120,120,2,7.0,23.0,23.0
2059,8,120,120,1,3.0,4.0,4.0
2182,25,158,120,1,19.0,42.0,5.0
2192,72,268,120,1,57.0,151.0,14.0
2193,46,305,120,2,37.0,191.0,11.0
2228,11,120,120,1,5.0,7.0,7.0
2246,16,120,120,1,10.0,23.0,23.0
2248,58,254,120,1,51.0,145.0,14.0
2266,42,238,120,1,35.0,128.0,13.0
2268,37,173,120,1,32.0,58.0,5.0
2281,2,120,120,1,1.0,105.0,105.0
2569,10,120,120,2,7.0,21.0,21.0
2699,9,120,120,1,6.0,21.0,21.0
2838,11,120,120,1,7.0,10.0,10.0
2882,55,315,120,3,45.0,199.0,10.0
2914,13,120,120,1,7.0,12.0,12.0
3011,12,120,120,1,6.0,7.0,7.0
3049,6,120,120,1,4.0,12.0,12.0
3099,15,120,120,1,9.0,23.0,23.0
3172,11,120,120,1,5.0,6.0,6.0
3418,10,120,120,1,5.0,24.0,24.0
3431,3,120,120,1,2.0,105.0,105.0
3571,6,120,120,2,3.0,7.0,7.0
3596,55,313,120,1,45.0,198.0,11.0
3667,6,120,120,1,3.0,9.0,9.0
3690,32,146,120,1,29.0,35.0,9.0
