node,chain,num_date,min_tick,chain_earliest_tick,is_earliest,is_singleton_chain
NODE_0000077,562,2021.999,391.0,254,0.0,False
NODE_0000073,562,2021.979,396.0,254,0.0,False
NODE_0000072,562,2021.923,388.0,254,0.0,False
NODE_0000071,562,2021.908,391.0,254,0.0,False
NODE_0000069,562,2021.889,354.0,254,0.0,False
NODE_0000064,562,2021.812,322.0,254,0.0,False
NODE_0000061,562,2021.785,341.0,254,0.0,False
NODE_0000060,562,2021.777,310.0,254,0.0,False
NODE_0000059,562,2021.757,311.0,254,0.0,False
NODE_0000058,562,2021.748,300.0,254,0.0,False
NODE_0000052,562,2021.7,282.0,254,0.0,False
NODE_0000044,562,2021.656,272.0,254,0.0,False
NODE_0000034,562,2021.629,270.0,254,0.0,False
NODE_0000029,562,2021.614,256.0,254,0.0,False
NODE_0000051,562,2021.604,266.0,254,0.0,False
NODE_0000005,562,2021.593,260.0,254,0.0,False
NODE_0000991,136,2021.705,284.0,170,0.0,False
NODE_0001592,136,2021.574,236.0,170,0.0,False
NODE_0000984,136,2021.497,208.0,170,0.0,False
NODE_0000983,136,2021.451,191.0,170,0.0,False
NODE_0001545,136,2021.391,181.0,170,0.0,False
NODE_0001340,136,2021.386,187.0,170,0.0,False
NODE_0002403,187,2021.642,261.0,169,0.0,False
NODE_0002402,187,2021.554,229.0,169,0.0,False
NODE_0002401,187,2021.54,240.0,169,0.0,False
NODE_0002140,187,2021.499,214.0,169,0.0,False
NODE_0002129,187,2021.472,205.0,169,0.0,False
NODE_0002375,187,2021.447,191.0,169,0.0,False
NODE_0002360,187,2021.406,182.0,169,0.0,False
NODE_0002359,187,2021.406,175.0,169,0.0,False
NODE_0001644,187,2021.393,185.0,169,0.0,False
NODE_0003701,240,2021.974,397.0,172,0.0,False
NODE_0003699,240,2021.914,369.0,172,0.0,False
NODE_0003698,240,2021.905,360.0,172,0.0,False
NODE_0003691,240,2021.843,360.0,172,0.0,False
NODE_0003690,240,2021.839,333.0,172,0.0,False
NODE_0003685,240,2021.807,344.0,172,0.0,False
NODE_0003684,240,2021.801,319.0,172,0.0,False
NODE_0003679,240,2021.675,280.0,172,0.0,False
NODE_0003678,240,2021.623,254.0,172,0.0,False
NODE_0003666,240,2021.566,237.0,172,0.0,False
NODE_0003665,240,2021.549,235.0,172,0.0,False
NODE_0003664,240,2021.539,226.0,172,0.0,False
NODE_0003655,240,2021.463,209.0,172,0.0,False
NODE_0003654,240,2021.457,195.0,172,0.0,False
NODE_0003653,240,2021.449,192.0,172,0.0,False
NODE_0003643,240,2021.436,196.0,172,0.0,False
NODE_0003642,240,2021.427,189.0,172,0.0,False
NODE_0003640,240,2021.406,184.0,172,0.0,False
NODE_0003436,240,2021.401,180.0,172,0.0,False
NODE_0003509,240,2021.681,275.0,172,0.0,False
NODE_0004474,240,2021.642,269.0,172,0.0,False
NODE_0004473,240,2021.577,237.0,172,0.0,False
NODE_0005016,240,2021.559,254.0,172,0.0,False
NODE_0004464,240,2021.444,193.0,172,0.0,False
NODE_0004463,240,2021.436,189.0,172,0.0,False
NODE_0004457,240,2021.424,188.0,172,0.0,False
NODE_0004454,240,2021.415,182.0,172,0.0,False
NODE_0004453,240,2021.406,190.0,172,0.0,False
NODE_0002888,240,2021.397,178.0,172,0.0,False
NODE_0009345,164,2022.041,424.0,170,0.0,False
NODE_0009344,164,2022.028,403.0,170,0.0,False
NODE_0009343,164,2022.001,418.0,170,0.0,False
NODE_0009342,164,2021.968,390.0,170,0.0,False
NODE_0009334,164,2021.893,378.0,170,0.0,False
NODE_0009326,164,2021.847,346.0,170,0.0,False
NODE_0009325,164,2021.833,331.0,170,0.0,False
NODE_0009324,164,2021.814,328.0,170,0.0,False
NODE_0009318,164,2021.788,316.0,170,0.0,False
NODE_0009314,164,2021.776,318.0,170,0.0,False
NODE_0009300,164,2021.719,293.0,170,0.0,False
NODE_0009299,164,2021.7,318.0,170,0.0,False
NODE_0009289,164,2021.683,277.0,170,0.0,False
NODE_0009279,164,2021.656,273.0,170,0.0,False
NODE_0009275,164,2021.618,261.0,170,0.0,False
NODE_0009205,164,2021.557,244.0,170,0.0,False
NODE_0009204,164,2021.534,235.0,170,0.0,False
NODE_0009195,164,2021.513,216.0,170,0.0,False
NODE_0009187,164,2021.489,226.0,170,0.0,False
NODE_0009186,164,2021.478,215.0,170,0.0,False
NODE_0013058,164,2021.441,188.0,170,0.0,False
NODE_0013057,164,2021.431,374.0,170,0.0,False
NODE_0008981,164,2021.397,172.0,170,0.0,False
NODE_0008801,164,2021.823,354.0,170,0.0,False
NODE_0008800,164,2021.806,348.0,170,0.0,False
NODE_0008796,164,2021.747,299.0,170,0.0,False
NODE_0008786,164,2021.702,284.0,170,0.0,False
NODE_0008735,164,2021.617,262.0,170,0.0,False
NODE_0008711,164,2021.582,243.0,170,0.0,False
NODE_0008705,164,2021.547,233.0,170,0.0,False
NODE_0008833,164,2021.851,357.0,170,0.0,False
NODE_0008829,164,2021.714,287.0,170,0.0,False
NODE_0008828,164,2021.697,284.0,170,0.0,False
NODE_0008826,164,2021.668,276.0,170,0.0,False
NODE_0008825,164,2021.65,276.0,170,0.0,False
NODE_0008811,164,2021.557,237.0,170,0.0,False
NODE_0008810,164,2021.546,238.0,170,0.0,False
NODE_0008693,164,2021.492,209.0,170,0.0,False
NODE_0008689,164,2021.471,199.0,170,0.0,False
NODE_0008688,164,2021.456,203.0,170,0.0,False
NODE_0008678,164,2021.404,180.0,170,0.0,False
NODE_0008677,164,2021.404,174.0,170,0.0,False
NODE_0008676,164,2021.393,174.0,170,0.0,False
NODE_0012202,164,2021.836,343.0,170,0.0,False
NODE_0012132,164,2021.766,309.0,170,0.0,False
NODE_0012131,164,2021.753,306.0,170,0.0,False
NODE_0012130,164,2021.73,314.0,170,0.0,False
NODE_0012119,164,2021.718,290.0,170,0.0,False
NODE_0012118,164,2021.701,290.0,170,0.0,False
NODE_0012107,164,2021.627,263.0,170,0.0,False
NODE_0012093,164,2021.593,243.0,170,0.0,False
NODE_0012089,164,2021.557,235.0,170,0.0,False
NODE_0012071,164,2021.514,217.0,170,0.0,False
NODE_0012070,164,2021.505,216.0,170,0.0,False
NODE_0012039,164,2021.429,196.0,170,0.0,False
NODE_0012038,164,2021.423,184.0,170,0.0,False
NODE_0012345,164,2021.398,180.0,170,0.0,False
NODE_0013868,164,2021.389,183.0,170,0.0,False
NODE_0009957,164,2022.004,396.0,170,0.0,False
NODE_0009956,164,2021.984,401.0,170,0.0,False
NODE_0009946,164,2021.935,392.0,170,0.0,False
NODE_0009902,164,2021.812,354.0,170,0.0,False
NODE_0009892,164,2021.783,315.0,170,0.0,False
NODE_0009828,164,2021.727,308.0,170,0.0,False
NODE_0009827,164,2021.717,299.0,170,0.0,False
NODE_0009807,164,2021.694,307.0,170,0.0,False
NODE_0009802,164,2021.673,280.0,170,0.0,False
NODE_0009694,164,2021.641,261.0,170,0.0,False
NODE_0009686,164,2021.62,258.0,170,0.0,False
NODE_0009679,164,2021.604,252.0,170,0.0,False
NODE_0009561,164,2021.549,229.0,170,0.0,False
NODE_0009555,164,2021.531,231.0,170,0.0,False
NODE_0009495,164,2021.503,212.0,170,0.0,False
NODE_0009494,164,2021.497,210.0,170,0.0,False
NODE_0009493,164,2021.49,209.0,170,0.0,False
NODE_0009492,164,2021.477,208.0,170,0.0,False
NODE_0009488,164,2021.466,198.0,170,0.0,False
NODE_0009403,164,2021.431,185.0,170,0.0,False
NODE_0009395,164,2021.415,181.0,170,0.0,False
NODE_0009394,164,2021.406,178.0,170,0.0,False
NODE_0013157,164,2021.394,173.0,170,0.0,False
NODE_0013145,164,2021.393,179.0,170,0.0,False
NODE_0015421,164,2021.593,254.0,170,0.0,False
NODE_0015416,164,2021.557,242.0,170,0.0,False
NODE_0015528,164,2021.916,361.0,170,0.0,False
NODE_0015525,164,2021.887,355.0,170,0.0,False
NODE_0015519,164,2021.87,352.0,170,0.0,False
NODE_0015518,164,2021.856,350.0,170,0.0,False
NODE_0015515,164,2021.837,335.0,170,0.0,False
NODE_0006233,164,2021.889,365.0,170,0.0,False
NODE_0015632,164,2021.848,339.0,170,0.0,False
NODE_0015631,164,2021.834,350.0,170,0.0,False
NODE_0015630,164,2021.823,337.0,170,0.0,False
NODE_0015629,164,2021.807,335.0,170,0.0,False
NODE_0015614,164,2021.753,305.0,170,0.0,False
NODE_0015507,164,2021.73,303.0,170,0.0,False
NODE_0015506,164,2021.725,302.0,170,0.0,False
NODE_0015501,164,2021.708,300.0,170,0.0,False
NODE_0015468,164,2021.675,286.0,170,0.0,False
NODE_0015465,164,2021.648,266.0,170,0.0,False
NODE_0015464,164,2021.607,248.0,170,0.0,False
NODE_0015463,164,2021.574,252.0,170,0.0,False
NODE_0015462,164,2021.558,231.0,170,0.0,False
NODE_0015461,164,2021.552,261.0,170,0.0,False
NODE_0015368,164,2021.513,223.0,170,0.0,False
NODE_0015365,164,2021.498,211.0,170,0.0,False
NODE_0015364,164,2021.49,211.0,170,0.0,False
NODE_0015363,164,2021.48,206.0,170,0.0,False
NODE_0015332,164,2021.445,195.0,170,0.0,False
NODE_0005889,164,2021.588,241.0,170,0.0,False
NODE_0015740,164,2021.549,244.0,170,0.0,False
NODE_0015736,164,2021.533,227.0,170,0.0,False
NODE_0015735,164,2021.522,228.0,170,0.0,False
NODE_0015330,164,2021.423,194.0,170,0.0,False
NODE_0005882,164,2021.39,187.0,170,0.0,False
NODE_0004509,164,2021.381,179.0,170,0.0,False
NODE_0004508,164,2021.374,209.0,170,0.0,False
NODE_0000993,1859,2021.871,422.0,343,0.0,False
NODE_0000992,1859,2021.862,343.0,343,1.0,False
NODE_0006233,2882,2021.889,373.0,355,0.0,False
