tick,n_infected,realized_r,n_secondary,serial_interval_days
79,693,3.5468975468975468,2458,6.812449145646867
80,762,4.05511811023622,3090,6.670226537216829
81,963,3.92938733125649,3784,6.642441860465116
82,1194,3.9690117252931323,4739,6.545473728634733
83,1497,3.6920507682030728,5527,6.506242084313371
84,1842,3.473941368078176,6399,6.452414439756212
85,2406,3.384455527847049,8143,6.40734373081174
86,3114,3.2119460500963393,10002,6.461507698460308
87,3721,2.8981456597688795,10784,6.392433234421365
88,4562,2.7255589653660675,12434,6.372929065465659
89,5718,2.4746414830360264,14150,6.4071378091872795
90,6663,2.364400420231127,15754,6.371334264313825
91,7979,2.276977064795087,18168,6.370101276970497
92,9396,2.148361004682844,20186,6.404636877043496
93,10775,1.988120649651972,21422,6.406918121557277
94,12220,1.896808510638298,23179,6.386901937098235
95,13976,1.8830137378362908,26317,6.451571227723525
96,15659,1.9154479851842392,29994,6.4342201773688075
97,17163,1.8929091650643828,32488,6.481346958877124
98,19166,1.8467077115725765,35394,6.46004972594225
99,20791,1.7796642778125151,37001,6.453717467095484
100,23024,1.8306549687282836,42149,6.434885762414292
101,25671,1.7607806474231624,45201,6.431561248644941
102,28373,1.7204384450005288,48814,6.411357397467939
103,31100,1.649967845659164,51314,6.39577892972678
104,34161,1.614092093322795,55139,6.4288797402927145
105,37274,1.5684391264688522,58462,6.413020423522972
106,40800,1.5182107843137256,61943,6.431525757551297
107,43878,1.4871233875746388,65252,6.4451817568810155
108,47836,1.4296972991052763,68391,6.472723019110702
109,51081,1.4181593939037997,72441,6.4827652848525
110,53680,1.371348733233979,73614,6.445404406770451
111,56061,1.3318349654840262,74664,6.465190721097182
112,59982,1.3147110799906638,78859,6.451628856566784
113,62719,1.2661553915081554,79412,6.475280813982773
114,66417,1.2301970880949153,81706,6.496352777029839
115,69094,1.1846904217442904,81855,6.4801050638323865
116,72406,1.1529845592906665,83483,6.470191536001342
117,74280,1.1142299407646743,82765,6.498701141786987
118,76031,1.0565295734634557,80329,6.503392299169665
119,77730,1.0244307217290622,79629,6.508432857376081
120,79154,1.0043712257119033,79500,6.551308176100629
121,80942,0.9804922042944331,79363,6.568111084510414
122,81110,0.9490198495869806,76975,6.583020461188697
123,81070,0.9342173430368818,75737,6.617175224791053
124,79932,0.9190687084021418,73463,6.629010522303744
125,78882,0.9186126112421085,72462,6.6044271480224115
126,77965,0.9305457577117937,72550,6.645458304617505
127,77090,0.9224931897781814,71115,6.628207832384167
128,75030,0.9242169798747167,69344,6.627105445316105
129,74817,0.9386904045871928,70230,6.6211448099102945
130,74291,0.932239436809304,69257,6.613237651067762
131,73256,0.9424347493720651,69039,6.598053274236301
132,72018,0.9327112666277875,67172,6.611981182635622
133,71339,0.9261834340262689,66073,6.596416085239054
134,71138,0.9182574713936292,65323,6.609218805015079
135,70510,0.9234009360374414,65109,6.612664915756654
136,70387,0.9125122536832085,64229,6.613103115415155
137,69359,0.9047131590709209,62750,6.5901513944223105
138,67913,0.8884896853327051,60340,6.589675174013921
139,66308,0.8741177535139049,57961,6.598747433619158
140,66120,0.859875983061101,56855,6.612083369976255
141,65366,0.8420279656090323,55040,6.633502906976744
142,64107,0.8145444335252,52218,6.643475429928377
143,63418,0.7883566179948911,49996,6.650172013761101
144,61539,0.775881961032841,47747,6.667916308878045
145,59049,0.7472607495469864,44125,6.680271954674221
146,56502,0.7420091324200914,41925,6.707072152653548
147,54993,0.7236557380030185,39796,6.71301135792542
148,52748,0.7042731477970728,37149,6.740988990282377
149,50300,0.6856660039761432,34489,6.767636057873525
150,48490,0.6821406475561972,33077,6.804486501194183
151,46470,0.6620400258231117,30765,6.778969608321145
152,42966,0.6508867476609412,27966,6.7863834656368445
153,40001,0.6433089172770681,25733,6.811292892394979
154,38090,0.6361774744027304,24232,6.874793661274348
155,35904,0.6124108734402852,21988,6.85742223030744
156,33999,0.5971352098591135,20302,6.935228056349128
157,31917,0.6001817213397249,19156,6.899509292127793
158,30010,0.5948350549816728,17851,6.886224861352305
159,27377,0.5987507761989992,16392,6.934114202049781
160,24784,0.5984506132989025,14832,6.939522653721683
161,23273,0.5852275168650367,13620,6.946916299559471
162,21891,0.5865880955643872,12841,7.033252861926641
163,20659,0.589960791906675,12188,6.974893337709222
164,18959,0.5970779049527929,11320,6.996996466431096
165,17867,0.5974142273465047,10674,7.005433764287052
166,16021,0.603894887959553,9675,7.009405684754522
167,14804,0.6329370440421508,9370,7.043970117395944
168,13896,0.6207541738629822,8626,7.04011129144447
169,12951,0.6331557408694309,8200,7.055731707317073
170,12209,0.6352690638053895,7756,7.0498968540484785
171,11435,0.6674245736773066,7632,7.046121593291405
172,10644,0.6684517098835024,7115,7.052143359100492
173,9994,0.7128276966179707,7124,7.074677147669848
174,9202,0.7199521843077592,6625,7.107622641509434
175,8843,0.7400203550831166,6544,6.984413202933985
176,8329,0.7689998799375676,6405,7.067915690866511
177,7999,0.8183522940367546,6546,7.072868927589368
178,7647,0.8281679089839152,6333,7.049265750828991
179,7458,0.8763743631000268,6536,7.041003671970624
180,7069,0.8806054604611685,6225,7.013975903614458
181,6971,0.9211017070721561,6421,7.0756891449929915
182,6694,0.9496564087242306,6357,7.0682711971055525
183,6722,0.9849747099077656,6621,7.036550370034738
184,6448,0.9948821339950372,6415,6.991426344505066
185,6422,1.0792587978822796,6931,7.003895541768864
186,6421,1.096246690546644,7039,7.017474073021736
187,6407,1.0899016700483846,6983,7.021051124158671
188,6513,1.1206817134960847,7299,7.063981367310591
189,6565,1.1571972581873573,7597,7.027247597735949
190,6643,1.1693511967484571,7768,6.95764675592173
191,6817,1.2027284729353087,8199,7.004146847176485
192,6923,1.1944243824931389,8269,6.993227717982827
193,6917,1.24996385716351,8646,7.030187369882026
194,7149,1.2748636172891314,9114,6.993855606758832
195,7500,1.2592,9444,6.988670055061415
196,7766,1.2441411279938193,9662,6.981784309666736
197,7756,1.274110366168128,9882,6.978546852863793
198,8144,1.2964145383104126,10558,6.962966470922523
199,8475,1.3209439528023599,11195,6.964091112103618
200,8862,1.3287068381855112,11775,6.983184713375796
201,9016,1.3416149068322982,12096,6.9463458994708995
202,9553,1.328692557311839,12693,6.982273694162137
203,9861,1.324307879525403,13059,6.953824948311509
204,10316,1.352462194649089,13952,6.971473623853211
205,10792,1.3151408450704225,14193,6.936024800958219
206,11214,1.329677189227751,14911,6.910804104352492
207,11573,1.3335349520435495,15433,6.9064342642389684
208,12327,1.3630242556988723,16802,6.931020116652779
209,12688,1.3507250945775535,17138,6.927646166413817
210,13306,1.3592364346911168,18086,6.923476722326662
211,13937,1.3853770538853412,19308,6.903148953801533
212,14579,1.380684546265176,20129,6.91390531074569
213,15310,1.3648595689092096,20896,6.882034839203675
214,16096,1.3939488071570576,22437,6.9005660293265585
215,16631,1.414527087968252,23525,6.889224229543039
216,17638,1.4165438258305931,24985,6.871482889733841
217,18432,1.4189453125,26154,6.887818306951136
218,19367,1.4390974337791087,27871,6.882924904022102
219,20539,1.412288816398072,29007,6.855241838176992
220,21654,1.4142421723469105,30624,6.884175809822361
221,22893,1.442100205302931,33014,6.89886108923487
222,24063,1.4593359099031709,35116,6.84796104339902
223,25325,1.4177690029615004,35905,6.843475839019635
224,26625,1.4356807511737089,38225,6.824172661870503
225,28217,1.4494099301839316,40898,6.830505159176488
226,29802,1.4159116837796122,42197,6.818020238405574
227,31586,1.3839359209776483,43713,6.784983872074669
228,33468,1.369517150711127,45835,6.787869532017018
229,35248,1.365666137085792,48137,6.7806676776699835
230,37404,1.339589348732756,50106,6.78890751606594
231,39241,1.3183150276496522,51732,6.803777159205135
232,40989,1.2916636170679938,52944,6.765790268963433
233,42933,1.256213169356905,53933,6.756345836500843
234,44838,1.2218876845532807,54787,6.7605088798437585
235,46630,1.2019729787690328,56048,6.787057522123894
236,48609,1.1784443210105124,57283,6.760871462737636
237,50586,1.1537777250622703,58365,6.796710357234644
238,51393,1.1210086976825637,57612,6.783361105325279
239,52755,1.0860771490853947,57296,6.807874895280648
240,54103,1.0716411289577288,57979,6.7825592024698595
241,55391,1.0463071618132909,57956,6.82312443922976
242,55822,1.0307943104869048,57541,6.816582958238474
243,56446,0.9972717287318853,56292,6.81173168478647
244,56625,0.9801854304635762,55503,6.826784137794354
245,56884,0.971696786442585,55274,6.842602308499475
246,57167,0.9574579740059824,54735,6.8389878505526625
247,57048,0.9537056513812929,54407,6.852647637252559
248,56787,0.9410604539771427,53440,6.8579902694610775
249,56363,0.9294572680659298,52387,6.861740508141333
250,55667,0.93182675552841,51872,6.887106724244294
251,55424,0.9269630484988453,51376,6.882785736530676
252,55131,0.9394351635196169,51792,6.897030429409948
253,53952,0.9285661328588375,50098,6.898958042237215
254,53533,0.9247566921338239,49505,6.884233915766084
255,52567,0.9277873951338292,48771,6.886038834553321
256,52166,0.9496031898171222,49537,6.883884772997961
257,51644,0.9584850127798001,49500,6.8926868686868685
258,51374,0.9609530112508272,49368,6.8869915734889
259,50490,0.9466825113883938,47798,6.886585212770409
260,50237,0.9545554073690706,47954,6.9078491888059395
261,50168,0.9673696380162653,48531,6.862974181451031
262,50027,0.9609810702220801,48075,6.873697347893915
263,49438,0.9673732756179457,47825,6.875504443282802
264,49022,0.972624535922647,47680,6.858619966442953
265,48428,0.9681382671181961,46885,6.857246454089794
266,48676,0.969101816090065,47172,6.858835750021199
267,48545,0.9679472654238336,46989,6.856881397773947
268,48552,0.964553468446202,46831,6.868335077192458
269,48158,0.9440176087046804,45462,6.862962474154239
270,47963,0.9485019702687488,45493,6.860088365243004
271,47618,0.9429207442563736,44900,6.834721603563475
272,47526,0.9182131885704667,43639,6.870207841609569
273,46789,0.9099360960909616,42575,6.88190252495596
274,46862,0.905723187230592,42444,6.869922721703892
275,46380,0.8793661060802069,40785,6.867671938212578
276,45764,0.8588410104011887,39304,6.868970079381233
277,44997,0.8594128497455386,38671,6.893149905614026
278,44418,0.8327704984465757,36990,6.9009462016761285
279,43331,0.8393067319009485,36368,6.896722393312802
280,42439,0.8222389782982634,34895,6.922195156899269
281,41419,0.8161954658490065,33806,6.924303378098562
282,39863,0.8080927175576349,32213,6.948995747058641
283,39422,0.7995281822332707,31519,6.97756908531362
284,37939,0.7932997706845198,30097,6.951091470910722
285,36899,0.7930838234098485,29264,6.947238928376162
286,35538,0.8015363835893973,28485,6.967912936633316
287,34214,0.7867539603671012,26918,6.95946949996285
288,33223,0.7963459049453692,26457,6.990966473901047
289,32445,0.7861303744798891,25506,6.959382106171097
290,31259,0.7879970568476279,24632,6.973855147775252
291,30019,0.783303907525234,23514,6.956621587139576
292,29301,0.7858093580423876,23025,6.9851031487513575
293,28405,0.7901073754620666,22443,7.001158490397897
294,27066,0.8066208527303628,21832,6.987128984976182
295,26202,0.8080680864056179,21173,6.997118972276012
296,25237,0.8153504774735507,20577,7.002624289254993
297,24641,0.8128728541861125,20030,6.985871193210185
298,24063,0.8213855296513319,19765,6.97136352137617
299,23124,0.8258951738453555,19098,6.994554403602471
300,22544,0.8241217175301633,18579,6.9831530222293985
301,21714,0.8318596297319701,18063,6.9769694956540995
302,21499,0.8229219963719243,17692,6.964786344110332
303,20729,0.842153504751797,17457,7.00595749556052
304,20181,0.849759674941777,17149,6.977433086477346
305,19585,0.8446259892775083,16542,6.971345665578528
306,19371,0.8626297041969955,16710,6.976959904248953
307,18387,0.8640887583618861,15888,7.036568479355489
308,18325,0.8723055934515689,15985,7.020832030028151
309,17976,0.8861815754339119,15930,7.019899560577526
310,17647,0.8929563098543661,15758,7.0241781952024365
311,16986,0.8877899446603085,15080,6.962002652519894
312,16774,0.9101585787528318,15267,7.00975961223554
313,16568,0.9243722839208112,15315,6.962259222984002
314,16103,0.9116313730360802,14680,7.004359673024523
315,15965,0.931412464766677,14870,6.966644250168124
316,16055,0.9318592338835254,14961,6.985562462402246
317,15667,0.9481713155039254,14855,6.976977448670481
318,15353,0.9539503680062529,14646,7.022941417451864
319,15525,0.9692753623188406,15048,6.9720893141945774
320,15152,0.9575633579725449,14509,6.9829760838100485
321,15320,0.9675587467362924,14823,6.985023274640761
322,14846,0.9769634918496565,14504,6.978971318257033
323,14887,0.9652717135756029,14370,6.980584551148225
324,14862,0.9973758578926121,14823,6.9626256493287455
325,14943,0.9910995114769457,14810,7.006549628629305
326,14850,0.984040404040404,14613,6.983302538835284
327,14408,0.9981954469739034,14382,6.9804616882213875
328,14925,1.0055611390284758,15008,6.9862073560767595
329,14897,1.0169161576156274,15149,7.0074592382335466
330,14676,1.0153311529026983,14901,6.987114958727602
331,14658,1.0154864237958794,14885,6.964124958011421
332,14670,1.0300613496932516,15111,6.971411554496724
333,14768,1.029455579631636,15203,7.015194369532329
334,14571,1.0234026490975225,14912,6.966738197424893
335,14746,1.0321443103214432,15220,6.9735873850197105
336,15142,1.0237088891824067,15501,6.922650151603122
337,14851,1.025183489327318,15225,6.95632183908046
338,15211,1.0413516534087173,15840,6.9416035353535355
339,15156,1.0316706254948536,15636,7.0014070094653365
340,15334,1.0536715794965437,16157,6.966330383115677
341,15201,1.012762318268535,15395,6.9901916206560575
342,15468,1.0488104473752262,16223,6.91814091105221
343,15421,1.0187406782958304,15710,6.90693825588797
344,15619,1.03559766950509,16175,6.977805255023184
345,15220,1.0082785808147174,15346,6.895412485338199
346,15894,1.005473763684409,15981,6.895438333020461
347,15919,1.007915070042088,16045,6.822499220941103
348,15815,0.9807777426493834,15511,6.88633872735478
349,15817,0.9709173673895176,15357,6.906622387184997
350,16012,0.9585311016737447,15348,6.930740161584572
351,16044,0.9449638494141112,15161,7.00336389420223
352,16363,0.9264193607529182,15159,7.024803746949007
353,16336,0.9458863858961802,15452,7.017538182759513
354,16026,0.9539498315237739,15288,7.015371533228676
355,15389,0.9335889271557606,14367,7.015243265817499
356,14673,0.9255775914945819,13581,6.993373094764745
357,14873,0.940899616755194,13994,6.997999142489639
358,14894,0.9282932724587082,13826,6.994792420078114
359,14891,0.944597407830233,14066,7.013792122849424
360,14911,0.9423915230366843,14052,6.999857671505835
361,14641,0.9399631172734103,13762,7.033352710361866
362,14253,0.9505367291096611,13548,6.9658252140537344
363,14515,0.9471581122976231,13748,7.008073901658423
364,14179,0.9434374779603639,13377,7.022426553038798
365,14151,0.9720161119355523,13755,7.0166484914576515
366,14030,0.9627940128296507,13508,6.993411311815221
367,13959,0.9824485994698761,13714,6.991614408633513
368,13868,1.0019469281799827,13895,6.955883411299029
369,13749,0.9848716270274201,13541,6.941510966693745
370,13514,1.0184993340239752,13764,6.98539668700959
371,13837,1.0150321601503216,14045,6.994090423638306
372,13831,1.0136649555346684,14020,6.99037089871612
373,13737,1.0084443473829803,13853,6.9705478957626505
374,13971,1.0087323742037078,14093,7.014404314198538
375,13666,1.050417093516757,14355,6.987321490769767
376,13840,1.0345375722543353,14318,6.992037994133259
377,13844,1.0323605894250216,14292,6.9487125664707525
378,13945,1.0260308354248835,14308,7.008456807380487
379,13816,1.0469745222929936,14465,6.9741444866920155
380,14283,1.0528600434082476,15038,6.985902380635723
381,14254,1.03886628314859,14808,6.9442193408968125
382,14231,1.0730096268709155,15270,6.972167648984938
383,14239,1.0576585434370391,15060,6.942629482071713
384,14389,1.0590729029119466,15239,6.936938119299167
385,14535,1.0559339525283797,15348,6.984753713838937
386,14777,1.0568450971103742,15617,7.014343343792022
387,14810,1.0549628629304524,15624,6.983550947260625
388,14957,1.0458648124623922,15643,6.97589976347248
389,15268,1.0571784123657322,16141,6.9770770088594265
390,15127,1.0592318371124478,16023,6.970417524808088
391,15171,1.0599828620394174,16081,6.983396554940613
392,15359,1.0483104368774008,16101,6.962486802061984
393,15652,1.0527089189879888,16477,6.994780603265157
394,15456,1.0612060041407867,16402,6.978539202536276
395,15797,1.0621003988099007,16778,6.925318869948742
396,16010,1.078263585259213,17263,7.027167931414007
397,15997,1.0604488341564042,16964,6.974593256307474
398,16005,1.0524211184005,16844,6.958085965328901
399,16391,1.0611311085351718,17393,6.985856379003047
400,16476,1.0704661325564457,17637,6.9638260475137495
401,16705,1.0786590841065549,18019,6.965591875242799
402,16686,1.0634064485197172,17744,6.921550946798918
403,16907,1.0591470988348022,17907,6.929859831350869
404,16874,1.0625222235391727,17929,6.957220146131965
405,17232,1.0528667595171775,18143,6.957118447886237
406,17674,1.0435102410320245,18443,6.988071354985632
407,17826,1.0533490407270278,18777,6.975129147361133
408,17697,1.0563937390518168,18695,6.9234019791388075
409,17770,1.0548677546426561,18745,6.950066684449187
410,17918,1.0668601406406966,19116,6.976668759154635
411,17799,1.054047980223608,18761,6.9507488939821975
412,18457,1.0516877065611963,19411,6.943588686827057
413,18633,1.0410561906295284,19398,6.959325703680792
414,18501,1.045024593265229,19334,6.949001758560049
415,18636,1.057040137368534,19699,6.974313416924717
416,18909,1.0557935374689302,19964,6.978110599078341
417,19128,1.0578732747804267,20235,6.982357301704966
418,19030,1.0460325801366264,19906,6.978348236712549
419,19344,1.0466811414392059,20247,6.9274954314219395
420,19123,1.0442399205145636,19969,6.919875807501628
421,19420,1.0255406797116375,19916,6.9445169712793735
422,19464,1.029438964241677,20037,6.96696112192444
423,19868,1.031608616871351,20496,6.967993754879001
424,19965,1.022389181066867,20412,6.930873995688811
425,20068,1.0214769782738689,20499,6.936777403775794
426,20108,1.0231748557787945,20574,6.891416350733936
427,20116,1.0051203022469677,20219,6.945298976210495
428,20225,1.0189864029666256,20609,6.955310786549566
429,20240,1.0017786561264823,20276,6.9510258433616094
430,20412,1.0145502645502646,20709,6.940122651987059
431,20854,1.0162558741728205,21193,6.966262445146983
432,20090,1.0152314584370334,20396,6.969945087272015
433,20516,1.0059953207252876,20639,6.992586850138088
434,20374,1.0173260037302445,20727,6.964346022096782
435,20308,0.9967500492416782,20242,6.977867799624543
436,20614,1.0117881051712427,20857,6.9873903245912645
437,20535,0.9936206476747017,20404,6.9398157224073715
438,20503,0.9945861581232015,20392,6.931492742251863
439,20537,1.0079855869893364,20701,6.94401236655234
440,20438,1.000684998532146,20452,6.908615294347741
441,20645,0.9918624364252846,20477,6.942472041802999
442,20462,0.9987293519695044,20436,6.958015267175573
443,20640,1.007170542635659,20788,6.974504521839523
444,20773,1.0120348529340972,21023,6.948913095181468
445,20569,0.9958675676989645,20484,6.960115211872681
446,20746,0.9918538513448376,20577,6.941828254847645
447,20576,0.9911547433903577,20394,6.945523193096009
448,20443,0.993983270557159,20320,6.963976377952756
449,20613,0.9893756367340999,20394,6.915269196822595
450,20572,0.9872156328990861,20309,6.936235166674873
451,20611,0.9891320168841881,20387,6.964143817138372
452,20644,0.9909901181941484,20458,6.9453514517548145
453,20418,0.9981388970516211,20380,7.017664376840039
454,20633,0.9789172684534484,20198,6.983661748687989
455,20315,0.9936007875953728,20185,6.968194203616547
456,20445,0.9982391782831989,20409,6.935126659806948
457,20389,0.9796458874883516,19974,6.937068188645239
458,20205,0.9994555803019055,20194,6.927057541844112
459,20194,1.0054966821828266,20305,6.967003201181975
460,20378,0.9740406320541761,19849,6.9099198952088265
461,20246,0.9970858441173566,20187,6.924852627928865
462,20434,1.00230008808848,20481,6.959914066695962
463,20172,0.9964802696807455,20101,6.962340182080493
464,20228,0.9985663436820249,20199,6.934105648794495
465,20363,1.001866129745126,20401,6.948041762658693
466,20232,1.0049426650850137,20332,6.9659649813102495
467,20048,0.9907222665602554,19862,6.927751485248213
468,20003,0.9954006898965155,19911,6.9381748782080255
469,20511,0.9946857783628297,20402,6.936378786393491
470,20193,1.0014856633486853,20223,6.9557434604163575
471,20273,0.9928476298525132,20128,6.9409777424483305
472,20249,0.995604721220801,20160,6.935912698412698
473,19992,0.9905962384953981,19804,6.973995152494446
474,19931,0.9989965380562942,19911,7.001406257847421
475,20407,0.9928455921987553,20261,6.960120428409259
476,20424,1.0110164512338424,20649,6.951765218654656
477,19858,0.9977842683049652,19814,6.942111638235591
478,19997,1.0092513877081561,20182,6.951491428005153
479,19898,0.980601065433712,19512,6.966943419434195
480,20116,0.9975144163849672,20066,6.9184690521279775
481,20190,0.9910351659237246,20009,6.95067219751112
482,20251,0.9936793244778036,20123,6.959598469413109
483,19827,0.9993947647147828,19815,6.943426696946758
484,20152,1.0050615323541088,20254,6.928359830157006
485,20022,1.0100389571471382,20223,6.91583840181971
486,20118,0.9988567452033005,20095,6.967404827071411
487,20080,1.0083167330677292,20247,6.9578209117400105
488,19982,1.000100090081073,19984,6.928492794235388
489,20242,1.0130421895069657,20506,6.936165024870769
490,19942,1.016598134590312,20273,6.954027524293395
491,20045,1.0096283362434522,20238,6.939717363375828
492,20140,1.0002979145978153,20146,6.95999205797677
493,20137,1.0101306053533297,20341,6.927535519394326
494,20191,0.9886087860928137,19961,6.945092931215871
495,20159,1.005010169155216,20260,6.906564659427443
496,20306,1.0149216980202895,20609,6.904022514435441
497,20510,1.004290589956119,20598,6.936984173220701
498,20219,1.0045996340076166,20312,6.946090980701063
499,20314,0.9993108201240524,20300,6.980689655172414
500,20428,1.0143920109653417,20722,6.926599749058971
501,20227,0.9977258120334207,20181,6.925226698379664
502,20380,1.0059371933267909,20501,6.898785425101215
503,20179,1.005599881064473,20292,6.9595899862014585
504,20156,1.0305616193689224,20772,6.98050259965338
505,20602,1.0026696437239102,20657,6.967759113133562
506,20157,0.9940963437019398,20038,6.99760455135243
507,20657,1.0035823207629375,20731,6.963532873474507
508,20462,1.002932264685759,20522,6.94995614462528
509,20419,1.0162593662765071,20751,6.906414148715725
510,20201,1.008316419979209,20369,6.977416662575482
511,20358,1.0115433736123391,20593,6.975865585393095
512,20732,1.0194867837159947,21136,6.959500378501136
513,20380,0.9964671246319922,20308,6.947656096119756
514,20459,1.0044967984749988,20551,6.958104228504696
515,20390,0.9988229524276606,20366,6.920799371501523
