run_label,analysis_index,analysis,metric,value
nextstrain_tree_graph_300day,1,ascertainment_over_time,n_days_observed,653.0
nextstrain_tree_graph_300day,1,ascertainment_over_time,first_infection_tick,47.0
nextstrain_tree_graph_300day,1,ascertainment_over_time,last_infection_tick,699.0
nextstrain_tree_graph_300day,1,ascertainment_over_time,seq_window_start_tick,169.0
nextstrain_tree_graph_300day,1,ascertainment_over_time,seq_window_end_tick,425.0
nextstrain_tree_graph_300day,1,ascertainment_over_time,seq_window_days,256.0
nextstrain_tree_graph_300day,1,ascertainment_over_time,n_infections_total,15406648.0
nextstrain_tree_graph_300day,1,ascertainment_over_time,n_sequenced_total,14791.0
nextstrain_tree_graph_300day,1,ascertainment_over_time,ascertainment_rate_overall,0.0009600401073614455
nextstrain_tree_graph_300day,1,ascertainment_over_time,n_infections_in_window,5974307.0
nextstrain_tree_graph_300day,1,ascertainment_over_time,n_sequenced_in_window,14791.0
nextstrain_tree_graph_300day,1,ascertainment_over_time,ascertainment_rate_in_window,0.002475768319237696
nextstrain_tree_graph_300day,1,ascertainment_over_time,ascertainment_rate_in_window_daily_median,0.0033631108775617445
nextstrain_tree_graph_300day,1,ascertainment_over_time,ascertainment_rate_in_window_daily_max,0.011752454626599226
nextstrain_tree_graph_300day,1,ascertainment_over_time,peak_daily_incidence,81110.0
nextstrain_tree_graph_300day,1,ascertainment_over_time,peak_daily_incidence_tick,122.0
