run_label,tick,n_infections,n_sequenced,ascertainment_rate,in_seq_window
nextstrain_tree_graph_300day,47,2,0,0.0,False
nextstrain_tree_graph_300day,48,0,0,,False
nextstrain_tree_graph_300day,49,0,0,,False
nextstrain_tree_graph_300day,50,1,0,0.0,False
nextstrain_tree_graph_300day,51,0,0,,False
nextstrain_tree_graph_300day,52,0,0,,False
nextstrain_tree_graph_300day,53,0,0,,False
nextstrain_tree_graph_300day,54,3,0,0.0,False
nextstrain_tree_graph_300day,55,2,0,0.0,False
nextstrain_tree_graph_300day,56,2,0,0.0,False
nextstrain_tree_graph_300day,57,1,0,0.0,False
nextstrain_tree_graph_300day,58,3,0,0.0,False
nextstrain_tree_graph_300day,59,2,0,0.0,False
nextstrain_tree_graph_300day,60,13,0,0.0,False
nextstrain_tree_graph_300day,61,9,0,0.0,False
nextstrain_tree_graph_300day,62,9,0,0.0,False
nextstrain_tree_graph_300day,63,10,0,0.0,False
nextstrain_tree_graph_300day,64,29,0,0.0,False
nextstrain_tree_graph_300day,65,25,0,0.0,False
nextstrain_tree_graph_300day,66,49,0,0.0,False
nextstrain_tree_graph_300day,67,45,0,0.0,False
nextstrain_tree_graph_300day,68,73,0,0.0,False
nextstrain_tree_graph_300day,69,125,0,0.0,False
nextstrain_tree_graph_300day,70,160,0,0.0,False
nextstrain_tree_graph_300day,71,192,0,0.0,False
nextstrain_tree_graph_300day,72,263,0,0.0,False
nextstrain_tree_graph_300day,73,272,0,0.0,False
nextstrain_tree_graph_300day,74,349,0,0.0,False
nextstrain_tree_graph_300day,75,377,0,0.0,False
nextstrain_tree_graph_300day,76,458,0,0.0,False
nextstrain_tree_graph_300day,77,526,0,0.0,False
nextstrain_tree_graph_300day,78,606,0,0.0,False
nextstrain_tree_graph_300day,79,693,0,0.0,False
nextstrain_tree_graph_300day,80,762,0,0.0,False
nextstrain_tree_graph_300day,81,963,0,0.0,False
nextstrain_tree_graph_300day,82,1194,0,0.0,False
nextstrain_tree_graph_300day,83,1497,0,0.0,False
nextstrain_tree_graph_300day,84,1842,0,0.0,False
nextstrain_tree_graph_300day,85,2406,0,0.0,False
nextstrain_tree_graph_300day,86,3114,0,0.0,False
nextstrain_tree_graph_300day,87,3721,0,0.0,False
nextstrain_tree_graph_300day,88,4562,0,0.0,False
nextstrain_tree_graph_300day,89,5718,0,0.0,False
nextstrain_tree_graph_300day,90,6663,0,0.0,False
nextstrain_tree_graph_300day,91,7979,0,0.0,False
nextstrain_tree_graph_300day,92,9396,0,0.0,False
nextstrain_tree_graph_300day,93,10775,0,0.0,False
nextstrain_tree_graph_300day,94,12220,0,0.0,False
nextstrain_tree_graph_300day,95,13976,0,0.0,False
nextstrain_tree_graph_300day,96,15659,0,0.0,False
nextstrain_tree_graph_300day,97,17163,0,0.0,False
nextstrain_tree_graph_300day,98,19166,0,0.0,False
nextstrain_tree_graph_300day,99,20791,0,0.0,False
nextstrain_tree_graph_300day,100,23024,0,0.0,False
nextstrain_tree_graph_300day,101,25671,0,0.0,False
nextstrain_tree_graph_300day,102,28373,0,0.0,False
nextstrain_tree_graph_300day,103,31100,0,0.0,False
nextstrain_tree_graph_300day,104,34161,0,0.0,False
nextstrain_tree_graph_300day,105,37274,0,0.0,False
nextstrain_tree_graph_300day,106,40800,0,0.0,False
nextstrain_tree_graph_300day,107,43878,0,0.0,False
nextstrain_tree_graph_300day,108,47836,0,0.0,False
nextstrain_tree_graph_300day,109,51081,0,0.0,False
nextstrain_tree_graph_300day,110,53680,0,0.0,False
nextstrain_tree_graph_300day,111,56061,0,0.0,False
nextstrain_tree_graph_300day,112,59982,0,0.0,False
nextstrain_tree_graph_300day,113,62719,0,0.0,False
nextstrain_tree_graph_300day,114,66417,0,0.0,False
nextstrain_tree_graph_300day,115,69094,0,0.0,False
nextstrain_tree_graph_300day,116,72406,0,0.0,False
nextstrain_tree_graph_300day,117,74280,0,0.0,False
nextstrain_tree_graph_300day,118,76031,0,0.0,False
nextstrain_tree_graph_300day,119,77730,0,0.0,False
nextstrain_tree_graph_300day,120,79154,0,0.0,False
nextstrain_tree_graph_300day,121,80942,0,0.0,False
nextstrain_tree_graph_300day,122,81110,0,0.0,False
nextstrain_tree_graph_300day,123,81070,0,0.0,False
nextstrain_tree_graph_300day,124,79932,0,0.0,False
nextstrain_tree_graph_300day,125,78882,0,0.0,False
nextstrain_tree_graph_300day,126,77965,0,0.0,False
nextstrain_tree_graph_300day,127,77090,0,0.0,False
nextstrain_tree_graph_300day,128,75030,0,0.0,False
nextstrain_tree_graph_300day,129,74817,0,0.0,False
nextstrain_tree_graph_300day,130,74291,0,0.0,False
nextstrain_tree_graph_300day,131,73256,0,0.0,False
nextstrain_tree_graph_300day,132,72018,0,0.0,False
nextstrain_tree_graph_300day,133,71339,0,0.0,False
nextstrain_tree_graph_300day,134,71138,0,0.0,False
nextstrain_tree_graph_300day,135,70510,0,0.0,False
nextstrain_tree_graph_300day,136,70387,0,0.0,False
nextstrain_tree_graph_300day,137,69359,0,0.0,False
nextstrain_tree_graph_300day,138,67913,0,0.0,False
nextstrain_tree_graph_300day,139,66308,0,0.0,False
nextstrain_tree_graph_300day,140,66120,0,0.0,False
nextstrain_tree_graph_300day,141,65366,0,0.0,False
nextstrain_tree_graph_300day,142,64107,0,0.0,False
nextstrain_tree_graph_300day,143,63418,0,0.0,False
nextstrain_tree_graph_300day,144,61539,0,0.0,False
nextstrain_tree_graph_300day,145,59049,0,0.0,False
nextstrain_tree_graph_300day,146,56502,0,0.0,False
nextstrain_tree_graph_300day,147,54993,0,0.0,False
nextstrain_tree_graph_300day,148,52748,0,0.0,False
nextstrain_tree_graph_300day,149,50300,0,0.0,False
nextstrain_tree_graph_300day,150,48490,0,0.0,False
nextstrain_tree_graph_300day,151,46470,0,0.0,False
nextstrain_tree_graph_300day,152,42966,0,0.0,False
nextstrain_tree_graph_300day,153,40001,0,0.0,False
nextstrain_tree_graph_300day,154,38090,0,0.0,False
nextstrain_tree_graph_300day,155,35904,0,0.0,False
nextstrain_tree_graph_300day,156,33999,0,0.0,False
nextstrain_tree_graph_300day,157,31917,0,0.0,False
nextstrain_tree_graph_300day,158,30010,0,0.0,False
nextstrain_tree_graph_300day,159,27377,0,0.0,False
nextstrain_tree_graph_300day,160,24784,0,0.0,False
nextstrain_tree_graph_300day,161,23273,0,0.0,False
nextstrain_tree_graph_300day,162,21891,0,0.0,False
nextstrain_tree_graph_300day,163,20659,0,0.0,False
nextstrain_tree_graph_300day,164,18959,0,0.0,False
nextstrain_tree_graph_300day,165,17867,0,0.0,False
nextstrain_tree_graph_300day,166,16021,0,0.0,False
nextstrain_tree_graph_300day,167,14804,0,0.0,False
nextstrain_tree_graph_300day,168,13896,0,0.0,False
nextstrain_tree_graph_300day,169,12951,1,7.72141147401745e-05,True
nextstrain_tree_graph_300day,170,12209,28,0.0022933901220411174,True
nextstrain_tree_graph_300day,171,11435,46,0.004022737210319195,True
nextstrain_tree_graph_300day,172,10644,52,0.004885381435550545,True
nextstrain_tree_graph_300day,173,9994,57,0.005703422053231939,True
nextstrain_tree_graph_300day,174,9202,62,0.006737665724842426,True
nextstrain_tree_graph_300day,175,8843,73,0.00825511704172792,True
nextstrain_tree_graph_300day,176,8329,72,0.008644495137471486,True
nextstrain_tree_graph_300day,177,7999,40,0.005000625078134767,True
nextstrain_tree_graph_300day,178,7647,49,0.006407741598012292,True
nextstrain_tree_graph_300day,179,7458,54,0.007240547063555913,True
nextstrain_tree_graph_300day,180,7069,53,0.007497524402319988,True
nextstrain_tree_graph_300day,181,6971,57,0.00817673217615837,True
nextstrain_tree_graph_300day,182,6694,67,0.010008963250672244,True
nextstrain_tree_graph_300day,183,6722,79,0.011752454626599226,True
nextstrain_tree_graph_300day,184,6448,46,0.007133995037220843,True
nextstrain_tree_graph_300day,185,6422,43,0.00669573341638119,True
nextstrain_tree_graph_300day,186,6421,58,0.00903286092508955,True
nextstrain_tree_graph_300day,187,6407,53,0.008272202278757608,True
nextstrain_tree_graph_300day,188,6513,67,0.010287118071549209,True
nextstrain_tree_graph_300day,189,6565,64,0.009748667174409748,True
nextstrain_tree_graph_300day,190,6643,74,0.011139545386120728,True
nextstrain_tree_graph_300day,191,6817,47,0.006894528384920053,True
nextstrain_tree_graph_300day,192,6923,41,0.005922288025422505,True
nextstrain_tree_graph_300day,193,6917,53,0.007662281335839237,True
nextstrain_tree_graph_300day,194,7149,55,0.007693383690026577,True
nextstrain_tree_graph_300day,195,7500,62,0.008266666666666667,True
nextstrain_tree_graph_300day,196,7766,63,0.008112284316250322,True
nextstrain_tree_graph_300day,197,7756,75,0.009669932955131511,True
nextstrain_tree_graph_300day,198,8144,56,0.0068762278978389,True
nextstrain_tree_graph_300day,199,8475,41,0.0048377581120943956,True
nextstrain_tree_graph_300day,200,8862,45,0.0050778605280974946,True
nextstrain_tree_graph_300day,201,9016,54,0.005989352262644188,True
nextstrain_tree_graph_300day,202,9553,66,0.006908824453051398,True
nextstrain_tree_graph_300day,203,9861,69,0.0069972619409796166,True
nextstrain_tree_graph_300day,204,10316,76,0.007367196587824738,True
nextstrain_tree_graph_300day,205,10792,37,0.0034284655300222387,True
nextstrain_tree_graph_300day,206,11214,53,0.004726235063313715,True
nextstrain_tree_graph_300day,207,11573,51,0.004406808951870733,True
nextstrain_tree_graph_300day,208,12327,54,0.004380627889997567,True
nextstrain_tree_graph_300day,209,12688,69,0.0054382093316519544,True
nextstrain_tree_graph_300day,210,13306,62,0.004659552081767624,True
nextstrain_tree_graph_300day,211,13937,72,0.0051661046136184255,True
nextstrain_tree_graph_300day,212,14579,45,0.0030866314562041294,True
nextstrain_tree_graph_300day,213,15310,49,0.003200522534291313,True
nextstrain_tree_graph_300day,214,16096,51,0.003168489065606362,True
nextstrain_tree_graph_300day,215,16631,55,0.0033070771450904937,True
nextstrain_tree_graph_300day,216,17638,68,0.0038553123936954305,True
nextstrain_tree_graph_300day,217,18432,71,0.003851996527777778,True
nextstrain_tree_graph_300day,218,19367,59,0.0030464191666236384,True
nextstrain_tree_graph_300day,219,20539,40,0.0019475144846389796,True
nextstrain_tree_graph_300day,220,21654,49,0.0022628613651057543,True
nextstrain_tree_graph_300day,221,22893,58,0.002533525531821954,True
nextstrain_tree_graph_300day,222,24063,59,0.002451897103436812,True
nextstrain_tree_graph_300day,223,25325,63,0.002487660414610069,True
nextstrain_tree_graph_300day,224,26625,64,0.002403755868544601,True
nextstrain_tree_graph_300day,225,28217,65,0.002303575858525003,True
nextstrain_tree_graph_300day,226,29802,46,0.0015435205690893228,True
nextstrain_tree_graph_300day,227,31586,52,0.0016462989932248464,True
nextstrain_tree_graph_300day,228,33468,57,0.0017031193976335603,True
nextstrain_tree_graph_300day,229,35248,60,0.001702224239673173,True
nextstrain_tree_graph_300day,230,37404,62,0.001657576729761523,True
nextstrain_tree_graph_300day,231,39241,55,0.0014015952702530518,True
nextstrain_tree_graph_300day,232,40989,71,0.0017321720461587254,True
nextstrain_tree_graph_300day,233,42933,63,0.00146740269722591,True
nextstrain_tree_graph_300day,234,44838,40,0.0008921004505107275,True
nextstrain_tree_graph_300day,235,46630,54,0.0011580527557366503,True
nextstrain_tree_graph_300day,236,48609,63,0.0012960562858729864,True
nextstrain_tree_graph_300day,237,50586,55,0.0010872573439291505,True
nextstrain_tree_graph_300day,238,51393,55,0.0010701846554978303,True
nextstrain_tree_graph_300day,239,52755,68,0.0012889773481186617,True
nextstrain_tree_graph_300day,240,54103,51,0.000942646433654326,True
nextstrain_tree_graph_300day,241,55391,62,0.0011193154122510877,True
nextstrain_tree_graph_300day,242,55822,54,0.0009673605388556483,True
nextstrain_tree_graph_300day,243,56446,66,0.0011692591149062822,True
nextstrain_tree_graph_300day,244,56625,61,0.0010772626931567328,True
nextstrain_tree_graph_300day,245,56884,54,0.0009493003304971521,True
nextstrain_tree_graph_300day,246,57167,55,0.0009620935154897056,True
nextstrain_tree_graph_300day,247,57048,62,0.0010868040947973636,True
nextstrain_tree_graph_300day,248,56787,64,0.0011270185077570571,True
nextstrain_tree_graph_300day,249,56363,55,0.000975817468906907,True
nextstrain_tree_graph_300day,250,55667,56,0.0010059820001077839,True
nextstrain_tree_graph_300day,251,55424,53,0.0009562644341801385,True
nextstrain_tree_graph_300day,252,55131,58,0.0010520396872902723,True
nextstrain_tree_graph_300day,253,53952,55,0.0010194246737841044,True
nextstrain_tree_graph_300day,254,53533,54,0.001008723591055984,True
nextstrain_tree_graph_300day,255,52567,66,0.0012555405482527061,True
nextstrain_tree_graph_300day,256,52166,54,0.0010351569988114864,True
nextstrain_tree_graph_300day,257,51644,54,0.0010456200139416002,True
nextstrain_tree_graph_300day,258,51374,62,0.0012068361427959669,True
nextstrain_tree_graph_300day,259,50490,62,0.0012279659338482868,True
nextstrain_tree_graph_300day,260,50237,50,0.0009952823616059877,True
nextstrain_tree_graph_300day,261,50168,60,0.0011959815021527667,True
nextstrain_tree_graph_300day,262,50027,60,0.0011993523497311452,True
nextstrain_tree_graph_300day,263,49438,49,0.0009911404183017111,True
nextstrain_tree_graph_300day,264,49022,67,0.0013667333034147933,True
nextstrain_tree_graph_300day,265,48428,58,0.001197654249607665,True
nextstrain_tree_graph_300day,266,48676,54,0.0011093762840003287,True
nextstrain_tree_graph_300day,267,48545,55,0.0011329694098259346,True
nextstrain_tree_graph_300day,268,48552,65,0.0013387708024386225,True
nextstrain_tree_graph_300day,269,48158,52,0.0010797790605922173,True
nextstrain_tree_graph_300day,270,47963,61,0.0012718136897191584,True
nextstrain_tree_graph_300day,271,47618,58,0.001218026796589525,True
nextstrain_tree_graph_300day,272,47526,58,0.001220384631570088,True
nextstrain_tree_graph_300day,273,46789,57,0.0012182350552480284,True
nextstrain_tree_graph_300day,274,46862,42,0.0008962485596005292,True
nextstrain_tree_graph_300day,275,46380,56,0.0012074169900819318,True
nextstrain_tree_graph_300day,276,45764,64,0.001398479153920112,True
nextstrain_tree_graph_300day,277,44997,63,0.0014000933395559704,True
nextstrain_tree_graph_300day,278,44418,58,0.0013057769372776802,True
nextstrain_tree_graph_300day,279,43331,49,0.0011308301216219334,True
nextstrain_tree_graph_300day,280,42439,61,0.0014373571479064067,True
nextstrain_tree_graph_300day,281,41419,54,0.0013037494869504334,True
nextstrain_tree_graph_300day,282,39863,64,0.0016054988335047538,True
nextstrain_tree_graph_300day,283,39422,60,0.001521992795900766,True
nextstrain_tree_graph_300day,284,37939,66,0.0017396346767178893,True
nextstrain_tree_graph_300day,285,36899,49,0.0013279492669178027,True
nextstrain_tree_graph_300day,286,35538,59,0.0016601947211435646,True
nextstrain_tree_graph_300day,287,34214,60,0.001753668089086339,True
nextstrain_tree_graph_300day,288,33223,45,0.0013544833398549199,True
nextstrain_tree_graph_300day,289,32445,64,0.001972568962860225,True
nextstrain_tree_graph_300day,290,31259,66,0.0021113919191272914,True
nextstrain_tree_graph_300day,291,30019,50,0.0016656117792065025,True
nextstrain_tree_graph_300day,292,29301,65,0.0022183543223780757,True
nextstrain_tree_graph_300day,293,28405,48,0.0016898433374405914,True
nextstrain_tree_graph_300day,294,27066,48,0.0017734426956328973,True
nextstrain_tree_graph_300day,295,26202,54,0.002060911380810625,True
nextstrain_tree_graph_300day,296,25237,58,0.0022982129413163213,True
nextstrain_tree_graph_300day,297,24641,68,0.002759628261840023,True
nextstrain_tree_graph_300day,298,24063,56,0.0023272243693637537,True
nextstrain_tree_graph_300day,299,23124,54,0.00233523611831863,True
nextstrain_tree_graph_300day,300,22544,54,0.0023953158268275373,True
nextstrain_tree_graph_300day,301,21714,50,0.002302661877129962,True
nextstrain_tree_graph_300day,302,21499,56,0.002604772314991395,True
nextstrain_tree_graph_300day,303,20729,59,0.002846254040233489,True
nextstrain_tree_graph_300day,304,20181,63,0.003121748178980229,True
nextstrain_tree_graph_300day,305,19585,58,0.0029614500893540975,True
nextstrain_tree_graph_300day,306,19371,68,0.0035104021475401374,True
nextstrain_tree_graph_300day,307,18387,52,0.0028280850600968075,True
nextstrain_tree_graph_300day,308,18325,57,0.003110504774897681,True
nextstrain_tree_graph_300day,309,17976,49,0.0027258566978193145,True
nextstrain_tree_graph_300day,310,17647,63,0.0035700119000396666,True
nextstrain_tree_graph_300day,311,16986,54,0.0031790886612504416,True
nextstrain_tree_graph_300day,312,16774,64,0.0038154286395612256,True
nextstrain_tree_graph_300day,313,16568,55,0.003319652341863834,True
nextstrain_tree_graph_300day,314,16103,59,0.003663913556480159,True
nextstrain_tree_graph_300day,315,15965,45,0.0028186658315064203,True
nextstrain_tree_graph_300day,316,16055,57,0.0035502958579881655,True
nextstrain_tree_graph_300day,317,15667,60,0.0038297057509414693,True
nextstrain_tree_graph_300day,318,15353,57,0.003712629453526998,True
nextstrain_tree_graph_300day,319,15525,54,0.0034782608695652175,True
nextstrain_tree_graph_300day,320,15152,63,0.004157866948257656,True
nextstrain_tree_graph_300day,321,15320,64,0.004177545691906005,True
nextstrain_tree_graph_300day,322,14846,48,0.003233194126364004,True
nextstrain_tree_graph_300day,323,14887,52,0.0034929804527440047,True
nextstrain_tree_graph_300day,324,14862,57,0.003835284618490109,True
nextstrain_tree_graph_300day,325,14943,61,0.00408217894666399,True
nextstrain_tree_graph_300day,326,14850,51,0.0034343434343434343,True
nextstrain_tree_graph_300day,327,14408,48,0.003331482509716824,True
nextstrain_tree_graph_300day,328,14925,67,0.004489112227805695,True
nextstrain_tree_graph_300day,329,14897,63,0.004229039403906827,True
nextstrain_tree_graph_300day,330,14676,57,0.003883892068683565,True
nextstrain_tree_graph_300day,331,14658,50,0.003411106562969027,True
nextstrain_tree_graph_300day,332,14670,53,0.003612815269256987,True
nextstrain_tree_graph_300day,333,14768,60,0.004062838569880823,True
nextstrain_tree_graph_300day,334,14571,53,0.003637361883192643,True
nextstrain_tree_graph_300day,335,14746,58,0.0039332700393327,True
nextstrain_tree_graph_300day,336,15142,64,0.004226654338924845,True
nextstrain_tree_graph_300day,337,14851,54,0.003636118779880143,True
nextstrain_tree_graph_300day,338,15211,54,0.003550062454802446,True
nextstrain_tree_graph_300day,339,15156,68,0.0044866719451042494,True
nextstrain_tree_graph_300day,340,15334,47,0.0030650841267770967,True
nextstrain_tree_graph_300day,341,15201,53,0.003486612722847181,True
nextstrain_tree_graph_300day,342,15468,61,0.003943625549521593,True
nextstrain_tree_graph_300day,343,15421,49,0.0031774852473899226,True
nextstrain_tree_graph_300day,344,15619,62,0.003969524297330175,True
nextstrain_tree_graph_300day,345,15220,47,0.003088042049934297,True
nextstrain_tree_graph_300day,346,15894,68,0.004278344029193406,True
nextstrain_tree_graph_300day,347,15919,60,0.003769080972422891,True
nextstrain_tree_graph_300day,348,15815,67,0.004236484350300348,True
nextstrain_tree_graph_300day,349,15817,47,0.0029714863754188533,True
nextstrain_tree_graph_300day,350,16012,62,0.0038720959280539595,True
nextstrain_tree_graph_300day,351,16044,58,0.0036150585888805784,True
nextstrain_tree_graph_300day,352,16363,57,0.0034834688015645053,True
nextstrain_tree_graph_300day,353,16336,64,0.0039177277179236044,True
nextstrain_tree_graph_300day,354,16026,60,0.0037439161362785474,True
nextstrain_tree_graph_300day,355,15389,48,0.0031191110533497954,True
nextstrain_tree_graph_300day,356,14673,58,0.003952838546991072,True
nextstrain_tree_graph_300day,357,14873,58,0.0038996839911248572,True
nextstrain_tree_graph_300day,358,14894,50,0.003357056532832013,True
nextstrain_tree_graph_300day,359,14891,56,0.0037606608018266067,True
nextstrain_tree_graph_300day,360,14911,57,0.003822681242036081,True
nextstrain_tree_graph_300day,361,14641,59,0.004029779386653917,True
nextstrain_tree_graph_300day,362,14253,64,0.004490282747491756,True
nextstrain_tree_graph_300day,363,14515,56,0.0038580778504994835,True
nextstrain_tree_graph_300day,364,14179,54,0.003808449114888215,True
nextstrain_tree_graph_300day,365,14151,61,0.004310649424068971,True
nextstrain_tree_graph_300day,366,14030,52,0.003706343549536707,True
nextstrain_tree_graph_300day,367,13959,60,0.004298302170642596,True
nextstrain_tree_graph_300day,368,13868,64,0.004614940871070089,True
nextstrain_tree_graph_300day,369,13749,48,0.003491162993672267,True
nextstrain_tree_graph_300day,370,13514,59,0.004365842829658132,True
nextstrain_tree_graph_300day,371,13837,56,0.004047120040471201,True
nextstrain_tree_graph_300day,372,13831,50,0.003615067601764153,True
nextstrain_tree_graph_300day,373,13737,64,0.004658950280264978,True
nextstrain_tree_graph_300day,374,13971,57,0.0040798797509126045,True
nextstrain_tree_graph_300day,375,13666,61,0.004463632372310845,True
nextstrain_tree_graph_300day,376,13840,59,0.00426300578034682,True
nextstrain_tree_graph_300day,377,13844,46,0.0033227390927477608,True
nextstrain_tree_graph_300day,378,13945,60,0.004302617425600574,True
nextstrain_tree_graph_300day,379,13816,59,0.004270411117544876,True
nextstrain_tree_graph_300day,380,14283,57,0.003990758244066373,True
nextstrain_tree_graph_300day,381,14254,57,0.003998877508067911,True
nextstrain_tree_graph_300day,382,14231,56,0.003935071323167732,True
nextstrain_tree_graph_300day,383,14239,58,0.004073319755600814,True
nextstrain_tree_graph_300day,384,14389,50,0.0034748766418792134,True
nextstrain_tree_graph_300day,385,14535,62,0.004265565875472996,True
nextstrain_tree_graph_300day,386,14777,58,0.00392501861000203,True
nextstrain_tree_graph_300day,387,14810,52,0.003511141120864281,True
nextstrain_tree_graph_300day,388,14957,69,0.00461322457712108,True
nextstrain_tree_graph_300day,389,15268,53,0.0034713125491223473,True
nextstrain_tree_graph_300day,390,15127,51,0.0033714550142129964,True
nextstrain_tree_graph_300day,391,15171,60,0.003954913980620921,True
nextstrain_tree_graph_300day,392,15359,65,0.004232046357184713,True
nextstrain_tree_graph_300day,393,15652,52,0.0033222591362126247,True
nextstrain_tree_graph_300day,394,15456,54,0.0034937888198757765,True
nextstrain_tree_graph_300day,395,15797,57,0.003608280053174653,True
nextstrain_tree_graph_300day,396,16010,62,0.003872579637726421,True
nextstrain_tree_graph_300day,397,15997,44,0.0027505157216978185,True
nextstrain_tree_graph_300day,398,16005,59,0.0036863480162449233,True
nextstrain_tree_graph_300day,399,16391,64,0.00390458178268562,True
nextstrain_tree_graph_300day,400,16476,54,0.0032774945375091042,True
nextstrain_tree_graph_300day,401,16705,61,0.003651601316970967,True
nextstrain_tree_graph_300day,402,16686,57,0.0034160373966199207,True
nextstrain_tree_graph_300day,403,16907,58,0.003430531732418525,True
nextstrain_tree_graph_300day,404,16874,50,0.0029631385563588953,True
nextstrain_tree_graph_300day,405,17232,62,0.0035979572887650884,True
nextstrain_tree_graph_300day,406,17674,61,0.0034513975330994684,True
nextstrain_tree_graph_300day,407,17826,59,0.0033097722427914283,True
nextstrain_tree_graph_300day,408,17697,53,0.0029948578855173193,True
nextstrain_tree_graph_300day,409,17770,51,0.0028700056274620148,True
nextstrain_tree_graph_300day,410,17918,55,0.0030695390110503404,True
nextstrain_tree_graph_300day,411,17799,59,0.0033147929658969605,True
nextstrain_tree_graph_300day,412,18457,61,0.0033049791407054234,True
nextstrain_tree_graph_300day,413,18633,62,0.0033274298287983683,True
nextstrain_tree_graph_300day,414,18501,50,0.002702556618561159,True
nextstrain_tree_graph_300day,415,18636,55,0.0029512770980897186,True
nextstrain_tree_graph_300day,416,18909,60,0.0031730921783277802,True
nextstrain_tree_graph_300day,417,19128,48,0.002509410288582183,True
nextstrain_tree_graph_300day,418,19030,64,0.0033631108775617445,True
nextstrain_tree_graph_300day,419,19344,62,0.003205128205128205,True
nextstrain_tree_graph_300day,420,19123,63,0.0032944621659781416,True
nextstrain_tree_graph_300day,421,19420,66,0.0033985581874356333,True
nextstrain_tree_graph_300day,422,19464,204,0.010480887792848335,True
nextstrain_tree_graph_300day,423,19868,165,0.008304811757600162,True
nextstrain_tree_graph_300day,424,19965,7,0.00035061357375406964,True
nextstrain_tree_graph_300day,425,20068,11,0.0005481363364560494,True
nextstrain_tree_graph_300day,426,20108,0,0.0,False
nextstrain_tree_graph_300day,427,20116,0,0.0,False
nextstrain_tree_graph_300day,428,20225,0,0.0,False
nextstrain_tree_graph_300day,429,20240,0,0.0,False
nextstrain_tree_graph_300day,430,20412,0,0.0,False
nextstrain_tree_graph_300day,431,20854,0,0.0,False
nextstrain_tree_graph_300day,432,20090,0,0.0,False
nextstrain_tree_graph_300day,433,20516,0,0.0,False
nextstrain_tree_graph_300day,434,20374,0,0.0,False
nextstrain_tree_graph_300day,435,20308,0,0.0,False
nextstrain_tree_graph_300day,436,20614,0,0.0,False
nextstrain_tree_graph_300day,437,20535,0,0.0,False
nextstrain_tree_graph_300day,438,20503,0,0.0,False
nextstrain_tree_graph_300day,439,20537,0,0.0,False
nextstrain_tree_graph_300day,440,20438,0,0.0,False
nextstrain_tree_graph_300day,441,20645,0,0.0,False
nextstrain_tree_graph_300day,442,20462,0,0.0,False
nextstrain_tree_graph_300day,443,20640,0,0.0,False
nextstrain_tree_graph_300day,444,20773,0,0.0,False
nextstrain_tree_graph_300day,445,20569,0,0.0,False
nextstrain_tree_graph_300day,446,20746,0,0.0,False
nextstrain_tree_graph_300day,447,20576,0,0.0,False
nextstrain_tree_graph_300day,448,20443,0,0.0,False
nextstrain_tree_graph_300day,449,20613,0,0.0,False
nextstrain_tree_graph_300day,450,20572,0,0.0,False
nextstrain_tree_graph_300day,451,20611,0,0.0,False
nextstrain_tree_graph_300day,452,20644,0,0.0,False
nextstrain_tree_graph_300day,453,20418,0,0.0,False
nextstrain_tree_graph_300day,454,20633,0,0.0,False
nextstrain_tree_graph_300day,455,20315,0,0.0,False
nextstrain_tree_graph_300day,456,20445,0,0.0,False
nextstrain_tree_graph_300day,457,20389,0,0.0,False
nextstrain_tree_graph_300day,458,20205,0,0.0,False
nextstrain_tree_graph_300day,459,20194,0,0.0,False
nextstrain_tree_graph_300day,460,20378,0,0.0,False
nextstrain_tree_graph_300day,461,20246,0,0.0,False
nextstrain_tree_graph_300day,462,20434,0,0.0,False
nextstrain_tree_graph_300day,463,20172,0,0.0,False
nextstrain_tree_graph_300day,464,20228,0,0.0,False
nextstrain_tree_graph_300day,465,20363,0,0.0,False
nextstrain_tree_graph_300day,466,20232,0,0.0,False
nextstrain_tree_graph_300day,467,20048,0,0.0,False
nextstrain_tree_graph_300day,468,20003,0,0.0,False
nextstrain_tree_graph_300day,469,20511,0,0.0,False
nextstrain_tree_graph_300day,470,20193,0,0.0,False
nextstrain_tree_graph_300day,471,20273,0,0.0,False
nextstrain_tree_graph_300day,472,20249,0,0.0,False
nextstrain_tree_graph_300day,473,19992,0,0.0,False
nextstrain_tree_graph_300day,474,19931,0,0.0,False
nextstrain_tree_graph_300day,475,20407,0,0.0,False
nextstrain_tree_graph_300day,476,20424,0,0.0,False
nextstrain_tree_graph_300day,477,19858,0,0.0,False
nextstrain_tree_graph_300day,478,19997,0,0.0,False
nextstrain_tree_graph_300day,479,19898,0,0.0,False
nextstrain_tree_graph_300day,480,20116,0,0.0,False
nextstrain_tree_graph_300day,481,20190,0,0.0,False
nextstrain_tree_graph_300day,482,20251,0,0.0,False
nextstrain_tree_graph_300day,483,19827,0,0.0,False
nextstrain_tree_graph_300day,484,20152,0,0.0,False
nextstrain_tree_graph_300day,485,20022,0,0.0,False
nextstrain_tree_graph_300day,486,20118,0,0.0,False
nextstrain_tree_graph_300day,487,20080,0,0.0,False
nextstrain_tree_graph_300day,488,19982,0,0.0,False
nextstrain_tree_graph_300day,489,20242,0,0.0,False
nextstrain_tree_graph_300day,490,19942,0,0.0,False
nextstrain_tree_graph_300day,491,20045,0,0.0,False
nextstrain_tree_graph_300day,492,20140,0,0.0,False
nextstrain_tree_graph_300day,493,20137,0,0.0,False
nextstrain_tree_graph_300day,494,20191,0,0.0,False
nextstrain_tree_graph_300day,495,20159,0,0.0,False
nextstrain_tree_graph_300day,496,20306,0,0.0,False
nextstrain_tree_graph_300day,497,20510,0,0.0,False
nextstrain_tree_graph_300day,498,20219,0,0.0,False
nextstrain_tree_graph_300day,499,20314,0,0.0,False
nextstrain_tree_graph_300day,500,20428,0,0.0,False
nextstrain_tree_graph_300day,501,20227,0,0.0,False
nextstrain_tree_graph_300day,502,20380,0,0.0,False
nextstrain_tree_graph_300day,503,20179,0,0.0,False
nextstrain_tree_graph_300day,504,20156,0,0.0,False
nextstrain_tree_graph_300day,505,20602,0,0.0,False
nextstrain_tree_graph_300day,506,20157,0,0.0,False
nextstrain_tree_graph_300day,507,20657,0,0.0,False
nextstrain_tree_graph_300day,508,20462,0,0.0,False
nextstrain_tree_graph_300day,509,20419,0,0.0,False
nextstrain_tree_graph_300day,510,20201,0,0.0,False
nextstrain_tree_graph_300day,511,20358,0,0.0,False
nextstrain_tree_graph_300day,512,20732,0,0.0,False
nextstrain_tree_graph_300day,513,20380,0,0.0,False
nextstrain_tree_graph_300day,514,20459,0,0.0,False
nextstrain_tree_graph_300day,515,20390,0,0.0,False
nextstrain_tree_graph_300day,516,20833,0,0.0,False
nextstrain_tree_graph_300day,517,20469,0,0.0,False
nextstrain_tree_graph_300day,518,20775,0,0.0,False
nextstrain_tree_graph_300day,519,20430,0,0.0,False
nextstrain_tree_graph_300day,520,20568,0,0.0,False
nextstrain_tree_graph_300day,521,20727,0,0.0,False
nextstrain_tree_graph_300day,522,20641,0,0.0,False
nextstrain_tree_graph_300day,523,21027,0,0.0,False
nextstrain_tree_graph_300day,524,20512,0,0.0,False
nextstrain_tree_graph_300day,525,20487,0,0.0,False
nextstrain_tree_graph_300day,526,20468,0,0.0,False
nextstrain_tree_graph_300day,527,20902,0,0.0,False
nextstrain_tree_graph_300day,528,20684,0,0.0,False
nextstrain_tree_graph_300day,529,20774,0,0.0,False
nextstrain_tree_graph_300day,530,20733,0,0.0,False
nextstrain_tree_graph_300day,531,20727,0,0.0,False
nextstrain_tree_graph_300day,532,20789,0,0.0,False
nextstrain_tree_graph_300day,533,20586,0,0.0,False
nextstrain_tree_graph_300day,534,20567,0,0.0,False
nextstrain_tree_graph_300day,535,20528,0,0.0,False
nextstrain_tree_graph_300day,536,20625,0,0.0,False
nextstrain_tree_graph_300day,537,20430,0,0.0,False
nextstrain_tree_graph_300day,538,20547,0,0.0,False
nextstrain_tree_graph_300day,539,20896,0,0.0,False
nextstrain_tree_graph_300day,540,20714,0,0.0,False
nextstrain_tree_graph_300day,541,20500,0,0.0,False
nextstrain_tree_graph_300day,542,20342,0,0.0,False
nextstrain_tree_graph_300day,543,20694,0,0.0,False
nextstrain_tree_graph_300day,544,20562,0,0.0,False
nextstrain_tree_graph_300day,545,20529,0,0.0,False
nextstrain_tree_graph_300day,546,20466,0,0.0,False
nextstrain_tree_graph_300day,547,20404,0,0.0,False
nextstrain_tree_graph_300day,548,20614,0,0.0,False
nextstrain_tree_graph_300day,549,20562,0,0.0,False
nextstrain_tree_graph_300day,550,20369,0,0.0,False
nextstrain_tree_graph_300day,551,20736,0,0.0,False
nextstrain_tree_graph_300day,552,20382,0,0.0,False
nextstrain_tree_graph_300day,553,20357,0,0.0,False
nextstrain_tree_graph_300day,554,20443,0,0.0,False
nextstrain_tree_graph_300day,555,20444,0,0.0,False
nextstrain_tree_graph_300day,556,20361,0,0.0,False
nextstrain_tree_graph_300day,557,20455,0,0.0,False
nextstrain_tree_graph_300day,558,20246,0,0.0,False
nextstrain_tree_graph_300day,559,20387,0,0.0,False
nextstrain_tree_graph_300day,560,20513,0,0.0,False
nextstrain_tree_graph_300day,561,20469,0,0.0,False
nextstrain_tree_graph_300day,562,20579,0,0.0,False
nextstrain_tree_graph_300day,563,20297,0,0.0,False
nextstrain_tree_graph_300day,564,20327,0,0.0,False
nextstrain_tree_graph_300day,565,20310,0,0.0,False
nextstrain_tree_graph_300day,566,20684,0,0.0,False
nextstrain_tree_graph_300day,567,20290,0,0.0,False
nextstrain_tree_graph_300day,568,20333,0,0.0,False
nextstrain_tree_graph_300day,569,20367,0,0.0,False
nextstrain_tree_graph_300day,570,20518,0,0.0,False
nextstrain_tree_graph_300day,571,20254,0,0.0,False
nextstrain_tree_graph_300day,572,20528,0,0.0,False
nextstrain_tree_graph_300day,573,20271,0,0.0,False
nextstrain_tree_graph_300day,574,20452,0,0.0,False
nextstrain_tree_graph_300day,575,20532,0,0.0,False
nextstrain_tree_graph_300day,576,20229,0,0.0,False
nextstrain_tree_graph_300day,577,20272,0,0.0,False
nextstrain_tree_graph_300day,578,20053,0,0.0,False
nextstrain_tree_graph_300day,579,20452,0,0.0,False
nextstrain_tree_graph_300day,580,20267,0,0.0,False
nextstrain_tree_graph_300day,581,20665,0,0.0,False
nextstrain_tree_graph_300day,582,20159,0,0.0,False
nextstrain_tree_graph_300day,583,20183,0,0.0,False
nextstrain_tree_graph_300day,584,20325,0,0.0,False
nextstrain_tree_graph_300day,585,20464,0,0.0,False
nextstrain_tree_graph_300day,586,20220,0,0.0,False
nextstrain_tree_graph_300day,587,20273,0,0.0,False
nextstrain_tree_graph_300day,588,20355,0,0.0,False
nextstrain_tree_graph_300day,589,20368,0,0.0,False
nextstrain_tree_graph_300day,590,20551,0,0.0,False
nextstrain_tree_graph_300day,591,20514,0,0.0,False
nextstrain_tree_graph_300day,592,20323,0,0.0,False
nextstrain_tree_graph_300day,593,20299,0,0.0,False
nextstrain_tree_graph_300day,594,20529,0,0.0,False
nextstrain_tree_graph_300day,595,20526,0,0.0,False
nextstrain_tree_graph_300day,596,20225,0,0.0,False
nextstrain_tree_graph_300day,597,20353,0,0.0,False
nextstrain_tree_graph_300day,598,20502,0,0.0,False
nextstrain_tree_graph_300day,599,20443,0,0.0,False
nextstrain_tree_graph_300day,600,20322,0,0.0,False
nextstrain_tree_graph_300day,601,20253,0,0.0,False
nextstrain_tree_graph_300day,602,20756,0,0.0,False
nextstrain_tree_graph_300day,603,20464,0,0.0,False
nextstrain_tree_graph_300day,604,20302,0,0.0,False
nextstrain_tree_graph_300day,605,20178,0,0.0,False
nextstrain_tree_graph_300day,606,20081,0,0.0,False
nextstrain_tree_graph_300day,607,20616,0,0.0,False
nextstrain_tree_graph_300day,608,20632,0,0.0,False
nextstrain_tree_graph_300day,609,20305,0,0.0,False
nextstrain_tree_graph_300day,610,20574,0,0.0,False
nextstrain_tree_graph_300day,611,20428,0,0.0,False
nextstrain_tree_graph_300day,612,20645,0,0.0,False
nextstrain_tree_graph_300day,613,20518,0,0.0,False
nextstrain_tree_graph_300day,614,20314,0,0.0,False
nextstrain_tree_graph_300day,615,20373,0,0.0,False
nextstrain_tree_graph_300day,616,20526,0,0.0,False
nextstrain_tree_graph_300day,617,20672,0,0.0,False
nextstrain_tree_graph_300day,618,20612,0,0.0,False
nextstrain_tree_graph_300day,619,20583,0,0.0,False
nextstrain_tree_graph_300day,620,20620,0,0.0,False
nextstrain_tree_graph_300day,621,20701,0,0.0,False
nextstrain_tree_graph_300day,622,20615,0,0.0,False
nextstrain_tree_graph_300day,623,20575,0,0.0,False
nextstrain_tree_graph_300day,624,20261,0,0.0,False
nextstrain_tree_graph_300day,625,20351,0,0.0,False
nextstrain_tree_graph_300day,626,20732,0,0.0,False
nextstrain_tree_graph_300day,627,20680,0,0.0,False
nextstrain_tree_graph_300day,628,20745,0,0.0,False
nextstrain_tree_graph_300day,629,20439,0,0.0,False
nextstrain_tree_graph_300day,630,20727,0,0.0,False
nextstrain_tree_graph_300day,631,20413,0,0.0,False
nextstrain_tree_graph_300day,632,20628,0,0.0,False
nextstrain_tree_graph_300day,633,20445,0,0.0,False
nextstrain_tree_graph_300day,634,20754,0,0.0,False
nextstrain_tree_graph_300day,635,20698,0,0.0,False
nextstrain_tree_graph_300day,636,20763,0,0.0,False
nextstrain_tree_graph_300day,637,20438,0,0.0,False
nextstrain_tree_graph_300day,638,20200,0,0.0,False
nextstrain_tree_graph_300day,639,20563,0,0.0,False
nextstrain_tree_graph_300day,640,20534,0,0.0,False
nextstrain_tree_graph_300day,641,20420,0,0.0,False
nextstrain_tree_graph_300day,642,20394,0,0.0,False
nextstrain_tree_graph_300day,643,20430,0,0.0,False
nextstrain_tree_graph_300day,644,20374,0,0.0,False
nextstrain_tree_graph_300day,645,20406,0,0.0,False
nextstrain_tree_graph_300day,646,20584,0,0.0,False
nextstrain_tree_graph_300day,647,20367,0,0.0,False
nextstrain_tree_graph_300day,648,20476,0,0.0,False
nextstrain_tree_graph_300day,649,20315,0,0.0,False
nextstrain_tree_graph_300day,650,20451,0,0.0,False
nextstrain_tree_graph_300day,651,20307,0,0.0,False
nextstrain_tree_graph_300day,652,20713,0,0.0,False
nextstrain_tree_graph_300day,653,20709,0,0.0,False
nextstrain_tree_graph_300day,654,20391,0,0.0,False
nextstrain_tree_graph_300day,655,20481,0,0.0,False
nextstrain_tree_graph_300day,656,20414,0,0.0,False
nextstrain_tree_graph_300day,657,20327,0,0.0,False
nextstrain_tree_graph_300day,658,20595,0,0.0,False
nextstrain_tree_graph_300day,659,20754,0,0.0,False
nextstrain_tree_graph_300day,660,20685,0,0.0,False
nextstrain_tree_graph_300day,661,20299,0,0.0,False
nextstrain_tree_graph_300day,662,20715,0,0.0,False
nextstrain_tree_graph_300day,663,20737,0,0.0,False
nextstrain_tree_graph_300day,664,20395,0,0.0,False
nextstrain_tree_graph_300day,665,20595,0,0.0,False
nextstrain_tree_graph_300day,666,20594,0,0.0,False
nextstrain_tree_graph_300day,667,20747,0,0.0,False
nextstrain_tree_graph_300day,668,20408,0,0.0,False
nextstrain_tree_graph_300day,669,20437,0,0.0,False
nextstrain_tree_graph_300day,670,20744,0,0.0,False
nextstrain_tree_graph_300day,671,20663,0,0.0,False
nextstrain_tree_graph_300day,672,20680,0,0.0,False
nextstrain_tree_graph_300day,673,20461,0,0.0,False
nextstrain_tree_graph_300day,674,20445,0,0.0,False
nextstrain_tree_graph_300day,675,20449,0,0.0,False
nextstrain_tree_graph_300day,676,20813,0,0.0,False
nextstrain_tree_graph_300day,677,20616,0,0.0,False
nextstrain_tree_graph_300day,678,20594,0,0.0,False
nextstrain_tree_graph_300day,679,20667,0,0.0,False
nextstrain_tree_graph_300day,680,20600,0,0.0,False
nextstrain_tree_graph_300day,681,20747,0,0.0,False
nextstrain_tree_graph_300day,682,20612,0,0.0,False
nextstrain_tree_graph_300day,683,20658,0,0.0,False
nextstrain_tree_graph_300day,684,20462,0,0.0,False
nextstrain_tree_graph_300day,685,20583,0,0.0,False
nextstrain_tree_graph_300day,686,20657,0,0.0,False
nextstrain_tree_graph_300day,687,20576,0,0.0,False
nextstrain_tree_graph_300day,688,20601,0,0.0,False
nextstrain_tree_graph_300day,689,20654,0,0.0,False
nextstrain_tree_graph_300day,690,20624,0,0.0,False
nextstrain_tree_graph_300day,691,20614,0,0.0,False
nextstrain_tree_graph_300day,692,20677,0,0.0,False
nextstrain_tree_graph_300day,693,20509,0,0.0,False
nextstrain_tree_graph_300day,694,20474,0,0.0,False
nextstrain_tree_graph_300day,695,20705,0,0.0,False
nextstrain_tree_graph_300day,696,20561,0,0.0,False
nextstrain_tree_graph_300day,697,20564,0,0.0,False
nextstrain_tree_graph_300day,698,20536,0,0.0,False
nextstrain_tree_graph_300day,699,20448,0,0.0,False
