run_label,count_bin,n_pairs,n_chains,bias_days,mae_days,rmse_days,median_abs_error_days,chain_mean_bias_days,chain_bias_sem_days,bias_pct,mape_pct,median_abs_pct_error,chain_mean_bias_pct,chain_bias_pct_sem
nextstrain_tree_graph_300day,0-5,30,16,-1.7936416666684163,9.368708333336988,13.786965446351497,5.267875000001993,-1.5257408854189956,2.5277020966859642,30.070309547751666,67.14828871050331,29.997580645406206,16.10694589028993,18.092822697238603
nextstrain_tree_graph_300day,5-10,95,36,-20.66378157894967,24.287681578952768,29.041766481941433,24.060249999998007,-22.40859026125105,2.8692653686382816,-38.3970305834414,45.29334064807867,44.83979591848531,-41.72650152992074,5.246012307696651
nextstrain_tree_graph_300day,10-15,394,37,-38.33667639593514,40.713480964462555,45.07850220787975,41.97850000000864,-41.34398633930146,3.262340506015536,-46.17225731120842,48.909742037014304,49.861651162739605,-48.23085617942941,3.7140465605265947
nextstrain_tree_graph_300day,15-20,752,36,-52.08986436169206,52.91933045211665,58.18634964383424,51.778125000024914,-54.82163110026923,2.7759406396531445,-45.53893027006328,46.24746674461898,46.746893360743485,-47.94164143867622,2.605869178788861
nextstrain_tree_graph_300day,20-25,836,35,-57.9034623205648,59.20352392343665,66.77045534103179,57.21412500006511,-65.91326518539802,4.679351022700887,-39.445361568447616,40.32967309699312,39.675663845936995,-43.37702318638996,2.906318726020864
nextstrain_tree_graph_300day,25-30,971,29,-61.656754376918705,62.681980432532384,73.2464863414549,53.96399999996811,-67.74549765320472,5.2263646270957045,-33.81410295097128,34.380020965104634,30.535276073631863,-36.61727139728525,2.742851876002248
nextstrain_tree_graph_300day,30-35,1112,27,-64.54093345322764,65.1642855215723,77.82894842557174,55.5417500000093,-82.00483515774273,8.001984702506352,-29.899198726202133,30.190251359882488,25.839920170620115,-36.59184261053912,3.1958807220818453
nextstrain_tree_graph_300day,35-40,846,27,-76.56513150117183,77.29828516547417,94.53539472799997,64.10012500000565,-105.32857458221085,10.91466056926907,-30.726257324001946,31.016568392976346,26.426465004100216,-41.530479047838675,4.067735864639221
nextstrain_tree_graph_300day,40-45,806,23,-85.14736321338509,85.62180676177215,109.51786372412272,57.449249999982726,-121.05520304455167,14.199360540819212,-29.96362081960349,30.137879523062097,21.724277656132152,-41.687125792097056,4.6229462301112285
nextstrain_tree_graph_300day,45-50,646,21,-89.2178680340465,89.58856075850476,117.87761504010338,57.00062500006976,-140.59407614986097,19.290416229617854,-28.23135149222355,28.347495632141253,19.057138480408103,-43.333141808675514,5.662052614937997
nextstrain_tree_graph_300day,50-55,456,18,-80.28922532894259,80.93854440789038,108.13081520702684,53.74162499997874,-126.22701615585999,20.30424365268937,-23.03389487654968,23.214833851853914,15.460431400416116,-36.3190840745842,5.680667808981341
nextstrain_tree_graph_300day,55-60,314,12,-83.04065923566452,83.45068789808455,114.19970485971278,56.77687500005149,-99.16991546843354,14.722509975897692,-21.758093643651286,21.874398369477486,15.24833804125074,-26.186589766052034,3.883342480246895
nextstrain_tree_graph_300day,60-65,197,11,-85.56683883248006,86.02521446699832,120.61716951812714,56.55150000001794,-100.04058263858352,18.758252771403683,-20.497578899052563,20.607501476377948,13.604326923083631,-24.50149361913118,4.838079885458618
nextstrain_tree_graph_300day,65-70,135,8,-73.40564814815416,73.40564814815416,102.63410421429151,56.75000000008305,-82.87304107013443,16.401341318463395,-16.487900819305676,16.487900819305676,12.792373853235087,-19.132704253838824,4.065484518106693
nextstrain_tree_graph_300day,70-75,62,6,-80.84555645162033,80.92273387097654,117.40723752277326,56.81350000007009,-105.89703754961108,35.621678590793735,-16.833941913341327,16.84943938710764,11.473591540086334,-22.656337478241863,8.076748443843115
nextstrain_tree_graph_300day,75-80,46,5,-56.72052717391461,56.72052717391461,59.40778848015022,57.97112500009899,-52.25582622549412,8.356050063732772,-11.202509677502588,11.202509677502588,11.580798969078243,-10.25799830935333,1.5933047248091623
nextstrain_tree_graph_300day,80-85,15,3,-83.70165000000702,83.70165000000702,127.31484085329708,56.80275000007441,-80.79899814812983,31.191203353489136,-15.935474816097265,15.935474816097265,11.40120481928765,-15.41006215139501,5.6937099116930225
nextstrain_tree_graph_300day,90-95,1,1,-68.33800000002259,68.33800000002259,68.33800000002259,68.33800000002259,-68.33800000002259,,-12.031338028172991,12.031338028172991,12.031338028172991,-12.031338028172991,
