run_label,chain,n_merge_nodes,n_pair_rows,n_other_chains,n_sequenced_tips
nextstrain_tree_graph_300day,136,20,152,120,270
nextstrain_tree_graph_300day,164,282,1690,120,10271
nextstrain_tree_graph_300day,187,26,163,120,1161
nextstrain_tree_graph_300day,230,6,120,120,2
nextstrain_tree_graph_300day,240,53,211,120,1565
nextstrain_tree_graph_300day,276,3,120,120,94
nextstrain_tree_graph_300day,429,3,120,120,348
nextstrain_tree_graph_300day,432,10,120,120,437
nextstrain_tree_graph_300day,458,10,120,120,6
nextstrain_tree_graph_300day,460,6,120,120,4
nextstrain_tree_graph_300day,464,11,120,120,39
nextstrain_tree_graph_300day,465,10,120,120,52
nextstrain_tree_graph_300day,474,10,120,120,83
nextstrain_tree_graph_300day,482,9,120,120,2
nextstrain_tree_graph_300day,503,7,120,120,1
nextstrain_tree_graph_300day,504,5,120,120,67
nextstrain_tree_graph_300day,508,17,120,120,1
nextstrain_tree_graph_300day,510,10,120,120,2
nextstrain_tree_graph_300day,511,9,120,120,9
nextstrain_tree_graph_300day,512,10,120,120,2
nextstrain_tree_graph_300day,517,6,120,120,11
nextstrain_tree_graph_300day,534,8,120,120,10
nextstrain_tree_graph_300day,536,12,120,120,2
nextstrain_tree_graph_300day,539,12,120,120,2
nextstrain_tree_graph_300day,548,8,120,120,7
nextstrain_tree_graph_300day,551,6,120,120,2
nextstrain_tree_graph_300day,562,32,146,120,56
nextstrain_tree_graph_300day,572,10,120,120,14
nextstrain_tree_graph_300day,579,10,120,120,22
nextstrain_tree_graph_300day,590,14,120,120,3
nextstrain_tree_graph_300day,592,10,120,120,17
nextstrain_tree_graph_300day,599,11,120,120,1
nextstrain_tree_graph_300day,601,11,120,120,35
nextstrain_tree_graph_300day,616,10,120,120,1
nextstrain_tree_graph_300day,620,10,120,120,1
nextstrain_tree_graph_300day,628,11,120,120,3
nextstrain_tree_graph_300day,629,13,120,120,2
nextstrain_tree_graph_300day,634,13,120,120,3
nextstrain_tree_graph_300day,638,8,120,120,10
nextstrain_tree_graph_300day,665,13,120,120,5
nextstrain_tree_graph_300day,670,9,120,120,1
nextstrain_tree_graph_300day,673,11,120,120,5
nextstrain_tree_graph_300day,674,8,120,120,19
nextstrain_tree_graph_300day,675,10,120,120,1
nextstrain_tree_graph_300day,676,13,120,120,20
nextstrain_tree_graph_300day,687,14,120,120,2
nextstrain_tree_graph_300day,691,11,120,120,1
nextstrain_tree_graph_300day,694,9,120,120,1
nextstrain_tree_graph_300day,696,9,120,120,2
nextstrain_tree_graph_300day,709,8,120,120,2
nextstrain_tree_graph_300day,712,9,120,120,12
nextstrain_tree_graph_300day,717,12,120,120,1
nextstrain_tree_graph_300day,746,11,120,120,1
nextstrain_tree_graph_300day,748,9,120,120,1
nextstrain_tree_graph_300day,754,9,120,120,1
nextstrain_tree_graph_300day,767,10,120,120,3
nextstrain_tree_graph_300day,769,8,120,120,2
nextstrain_tree_graph_300day,787,10,120,120,1
nextstrain_tree_graph_300day,810,10,120,120,2
nextstrain_tree_graph_300day,837,9,120,120,2
nextstrain_tree_graph_300day,840,12,120,120,1
nextstrain_tree_graph_300day,847,9,120,120,8
nextstrain_tree_graph_300day,866,12,120,120,1
nextstrain_tree_graph_300day,914,11,120,120,1
nextstrain_tree_graph_300day,917,11,120,120,1
nextstrain_tree_graph_300day,919,12,120,120,5
nextstrain_tree_graph_300day,931,15,120,120,1
nextstrain_tree_graph_300day,935,6,120,120,1
nextstrain_tree_graph_300day,968,10,120,120,1
nextstrain_tree_graph_300day,1013,10,120,120,3
nextstrain_tree_graph_300day,1014,10,120,120,3
nextstrain_tree_graph_300day,1049,4,120,120,1
nextstrain_tree_graph_300day,1056,12,120,120,4
nextstrain_tree_graph_300day,1074,11,120,120,1
nextstrain_tree_graph_300day,1145,9,120,120,1
nextstrain_tree_graph_300day,1190,17,120,120,1
nextstrain_tree_graph_300day,1192,7,120,120,1
nextstrain_tree_graph_300day,1199,13,120,120,2
nextstrain_tree_graph_300day,1244,15,120,120,1
nextstrain_tree_graph_300day,1288,14,120,120,1
nextstrain_tree_graph_300day,1487,46,263,120,1
nextstrain_tree_graph_300day,1561,6,120,120,1
nextstrain_tree_graph_300day,1604,10,120,120,1
nextstrain_tree_graph_300day,1616,7,120,120,1
nextstrain_tree_graph_300day,1639,8,120,120,1
nextstrain_tree_graph_300day,1669,10,120,120,1
nextstrain_tree_graph_300day,1691,29,288,120,1
nextstrain_tree_graph_300day,1708,14,120,120,1
nextstrain_tree_graph_300day,1794,37,233,120,2
nextstrain_tree_graph_300day,1859,20,152,120,2
nextstrain_tree_graph_300day,1882,11,120,120,1
nextstrain_tree_graph_300day,1903,26,163,120,1
nextstrain_tree_graph_300day,2015,12,120,120,1
nextstrain_tree_graph_300day,2038,34,293,120,1
nextstrain_tree_graph_300day,2040,11,120,120,1
nextstrain_tree_graph_300day,2041,13,120,120,2
nextstrain_tree_graph_300day,2059,8,120,120,1
nextstrain_tree_graph_300day,2182,25,158,120,1
nextstrain_tree_graph_300day,2192,72,268,120,1
nextstrain_tree_graph_300day,2193,46,305,120,2
nextstrain_tree_graph_300day,2228,11,120,120,1
nextstrain_tree_graph_300day,2246,16,120,120,1
nextstrain_tree_graph_300day,2248,58,254,120,1
nextstrain_tree_graph_300day,2266,42,238,120,1
nextstrain_tree_graph_300day,2268,37,173,120,1
nextstrain_tree_graph_300day,2281,2,120,120,1
nextstrain_tree_graph_300day,2569,10,120,120,2
nextstrain_tree_graph_300day,2699,9,120,120,1
nextstrain_tree_graph_300day,2838,11,120,120,1
nextstrain_tree_graph_300day,2882,55,315,120,3
nextstrain_tree_graph_300day,2914,13,120,120,1
nextstrain_tree_graph_300day,3011,12,120,120,1
nextstrain_tree_graph_300day,3049,6,120,120,1
nextstrain_tree_graph_300day,3099,15,120,120,1
nextstrain_tree_graph_300day,3172,11,120,120,1
nextstrain_tree_graph_300day,3418,10,120,120,1
nextstrain_tree_graph_300day,3431,3,120,120,1
nextstrain_tree_graph_300day,3571,6,120,120,2
nextstrain_tree_graph_300day,3596,55,313,120,1
nextstrain_tree_graph_300day,3667,6,120,120,1
nextstrain_tree_graph_300day,3690,32,146,120,1
