run_label,node,n_chains_involved,n_pair_rows,smallest_side_tips,num_date,is_pure_cherry,size_bin
nextstrain_tree_graph_300day,NODE_0000002,121,1590,592,2020.751,False,101-1000
nextstrain_tree_graph_300day,NODE_0000003,15,26,150,2020.898,False,101-1000
nextstrain_tree_graph_300day,NODE_0000004,13,40,10,2021.398,False,6-20
nextstrain_tree_graph_300day,NODE_0000005,2,2,1,2021.593,False,=1
nextstrain_tree_graph_300day,NODE_0000007,2,1,1,2021.439,False,=1
nextstrain_tree_graph_300day,NODE_0000014,8,15,70,2021.405,False,21-100
nextstrain_tree_graph_300day,NODE_0000015,5,6,12,2021.415,False,6-20
nextstrain_tree_graph_300day,NODE_0000025,3,2,1,2021.43,False,=1
nextstrain_tree_graph_300day,NODE_0000029,2,1,1,2021.614,False,=1
nextstrain_tree_graph_300day,NODE_0000030,2,1,2,2021.617,False,2-5
nextstrain_tree_graph_300day,NODE_0000032,2,1,2,2021.625,False,2-5
nextstrain_tree_graph_300day,NODE_0000034,2,1,1,2021.629,False,=1
nextstrain_tree_graph_300day,NODE_0000035,2,1,3,2021.634,False,2-5
nextstrain_tree_graph_300day,NODE_0000038,2,1,6,2021.639,False,6-20
nextstrain_tree_graph_300day,NODE_0000044,2,1,1,2021.656,False,=1
nextstrain_tree_graph_300day,NODE_0000045,2,1,5,2021.669,False,2-5
nextstrain_tree_graph_300day,NODE_0000050,2,1,2,2021.681,False,2-5
nextstrain_tree_graph_300day,NODE_0000051,2,1,1,2021.604,False,=1
nextstrain_tree_graph_300day,NODE_0000052,2,1,1,2021.7,False,=1
nextstrain_tree_graph_300day,NODE_0000053,2,1,5,2021.702,False,2-5
nextstrain_tree_graph_300day,NODE_0000058,2,1,1,2021.748,False,=1
nextstrain_tree_graph_300day,NODE_0000059,2,1,1,2021.757,False,=1
nextstrain_tree_graph_300day,NODE_0000060,2,1,1,2021.777,False,=1
nextstrain_tree_graph_300day,NODE_0000061,2,1,1,2021.785,False,=1
nextstrain_tree_graph_300day,NODE_0000062,2,1,1,2021.597,False,=1
nextstrain_tree_graph_300day,NODE_0000064,2,1,1,2021.812,False,=1
nextstrain_tree_graph_300day,NODE_0000065,2,1,2,2021.838,False,2-5
nextstrain_tree_graph_300day,NODE_0000067,2,1,2,2021.861,False,2-5
nextstrain_tree_graph_300day,NODE_0000069,2,1,1,2021.889,False,=1
nextstrain_tree_graph_300day,NODE_0000070,2,1,5,2021.896,False,2-5
nextstrain_tree_graph_300day,NODE_0000071,2,1,1,2021.908,False,=1
nextstrain_tree_graph_300day,NODE_0000072,2,1,1,2021.923,False,=1
nextstrain_tree_graph_300day,NODE_0000073,2,1,1,2021.979,False,=1
nextstrain_tree_graph_300day,NODE_0000074,5,4,1,2021.407,False,=1
nextstrain_tree_graph_300day,NODE_0000075,4,4,3,2021.423,False,2-5
nextstrain_tree_graph_300day,NODE_0000077,2,1,1,2021.999,True,=1
nextstrain_tree_graph_300day,NODE_0000078,2,1,2,2021.44,False,2-5
nextstrain_tree_graph_300day,NODE_0000084,3,2,3,2021.506,False,2-5
nextstrain_tree_graph_300day,NODE_0000092,2,1,1,2021.682,False,=1
nextstrain_tree_graph_300day,NODE_0000153,2,1,94,2021.107,False,21-100
nextstrain_tree_graph_300day,NODE_0000594,106,105,1,2021.085,False,=1
nextstrain_tree_graph_300day,NODE_0000595,105,104,1,2021.267,False,=1
nextstrain_tree_graph_300day,NODE_0000596,104,2560,3765,2021.266,False,1000+
nextstrain_tree_graph_300day,NODE_0000597,8,12,17,2021.398,False,6-20
nextstrain_tree_graph_300day,NODE_0000598,2,1,7,2021.426,False,6-20
nextstrain_tree_graph_300day,NODE_0000614,6,8,10,2021.421,False,6-20
nextstrain_tree_graph_300day,NODE_0000616,2,1,1,2021.604,True,=1
nextstrain_tree_graph_300day,NODE_0000617,2,1,1,2021.464,False,=1
nextstrain_tree_graph_300day,NODE_0000626,2,1,3,2021.479,False,2-5
nextstrain_tree_graph_300day,NODE_0000652,6,9,5,2021.406,False,2-5
nextstrain_tree_graph_300day,NODE_0000663,5,4,2,2021.461,False,2-5
nextstrain_tree_graph_300day,NODE_0000665,4,3,2,2021.505,False,2-5
nextstrain_tree_graph_300day,NODE_0000667,3,2,1,2021.57,False,=1
nextstrain_tree_graph_300day,NODE_0000673,4,3,2,2021.48,False,2-5
nextstrain_tree_graph_300day,NODE_0000676,3,2,1,2021.512,False,=1
nextstrain_tree_graph_300day,NODE_0000677,2,1,1,2021.548,False,=1
nextstrain_tree_graph_300day,NODE_0000712,3,2,1,2021.522,False,=1
nextstrain_tree_graph_300day,NODE_0000713,2,1,1,2021.577,False,=1
nextstrain_tree_graph_300day,NODE_0000717,14,13,1,2021.424,False,=1
nextstrain_tree_graph_300day,NODE_0000718,13,40,8,2021.434,False,6-20
nextstrain_tree_graph_300day,NODE_0000724,2,1,1,2021.859,False,=1
nextstrain_tree_graph_300day,NODE_0000726,8,20,6,2021.463,False,6-20
nextstrain_tree_graph_300day,NODE_0000733,2,1,2,2021.507,False,2-5
nextstrain_tree_graph_300day,NODE_0000748,2,1,1,2021.474,False,=1
nextstrain_tree_graph_300day,NODE_0000760,64,828,922,2021.267,False,101-1000
nextstrain_tree_graph_300day,NODE_0000762,46,304,115,2021.275,False,101-1000
nextstrain_tree_graph_300day,NODE_0000789,4,4,2,2021.429,False,2-5
nextstrain_tree_graph_300day,NODE_0000801,18,45,3,2021.407,False,2-5
nextstrain_tree_graph_300day,NODE_0000804,3,2,1,2021.47,False,=1
nextstrain_tree_graph_300day,NODE_0000805,2,1,1,2021.533,True,=1
nextstrain_tree_graph_300day,NODE_0000810,5,6,3,2021.596,False,2-5
nextstrain_tree_graph_300day,NODE_0000813,2,1,2,2021.674,False,2-5
nextstrain_tree_graph_300day,NODE_0000818,3,2,4,2021.543,False,2-5
nextstrain_tree_graph_300day,NODE_0000903,38,345,331,2021.293,False,101-1000
nextstrain_tree_graph_300day,NODE_0000906,3,2,6,2021.455,False,6-20
nextstrain_tree_graph_300day,NODE_0000907,2,1,1,2021.521,False,=1
nextstrain_tree_graph_300day,NODE_0000929,11,30,6,2021.33,False,6-20
nextstrain_tree_graph_300day,NODE_0000932,3,2,1,2021.615,False,=1
nextstrain_tree_graph_300day,NODE_0000933,2,1,1,2021.758,False,=1
nextstrain_tree_graph_300day,NODE_0000937,4,3,1,2021.405,False,=1
nextstrain_tree_graph_300day,NODE_0000938,3,2,1,2021.423,False,=1
nextstrain_tree_graph_300day,NODE_0000941,2,1,2,2021.46,False,2-5
nextstrain_tree_graph_300day,NODE_0000983,2,1,1,2021.451,False,=1
nextstrain_tree_graph_300day,NODE_0000984,2,1,1,2021.497,False,=1
nextstrain_tree_graph_300day,NODE_0000985,2,1,9,2021.499,False,6-20
nextstrain_tree_graph_300day,NODE_0000987,2,1,3,2021.576,False,2-5
nextstrain_tree_graph_300day,NODE_0000991,2,1,1,2021.705,False,=1
nextstrain_tree_graph_300day,NODE_0000992,2,1,1,2021.862,False,=1
nextstrain_tree_graph_300day,NODE_0000993,2,1,1,2021.871,False,=1
nextstrain_tree_graph_300day,NODE_0001218,23,90,9,2021.398,False,6-20
nextstrain_tree_graph_300day,NODE_0001219,5,6,4,2021.406,False,2-5
nextstrain_tree_graph_300day,NODE_0001220,2,1,1,2021.46,False,=1
nextstrain_tree_graph_300day,NODE_0001230,15,14,27,2021.419,False,21-100
nextstrain_tree_graph_300day,NODE_0001231,14,33,11,2021.451,False,6-20
nextstrain_tree_graph_300day,NODE_0001236,2,1,2,2021.578,False,2-5
nextstrain_tree_graph_300day,NODE_0001242,11,30,8,2021.499,False,6-20
nextstrain_tree_graph_300day,NODE_0001244,3,2,1,2021.635,False,=1
nextstrain_tree_graph_300day,NODE_0001245,2,1,1,2021.759,True,=1
nextstrain_tree_graph_300day,NODE_0001250,6,5,3,2021.522,False,2-5
nextstrain_tree_graph_300day,NODE_0001253,5,4,1,2021.547,False,=1
nextstrain_tree_graph_300day,NODE_0001254,4,3,1,2021.572,False,=1
nextstrain_tree_graph_300day,NODE_0001255,3,2,1,2021.594,False,=1
nextstrain_tree_graph_300day,NODE_0001256,2,1,1,2021.604,True,=1
nextstrain_tree_graph_300day,NODE_0001268,3,2,2,2021.466,False,2-5
nextstrain_tree_graph_300day,NODE_0001270,2,1,1,2021.524,False,=1
nextstrain_tree_graph_300day,NODE_0001276,3,2,2,2021.424,False,2-5
nextstrain_tree_graph_300day,NODE_0001278,2,1,1,2021.439,False,=1
nextstrain_tree_graph_300day,NODE_0001281,15,44,29,2021.321,False,21-100
nextstrain_tree_graph_300day,NODE_0001283,5,4,1,2021.409,False,=1
nextstrain_tree_graph_300day,NODE_0001284,4,3,1,2021.579,False,=1
nextstrain_tree_graph_300day,NODE_0001288,4,3,1,2021.404,False,=1
nextstrain_tree_graph_300day,NODE_0001316,6,8,24,2021.347,False,21-100
nextstrain_tree_graph_300day,NODE_0001340,2,10,1,2021.386,False,=1
nextstrain_tree_graph_300day,NODE_0001545,2,15,1,2021.391,False,=1
nextstrain_tree_graph_300day,NODE_0001592,2,1,1,2021.574,False,=1
nextstrain_tree_graph_300day,NODE_0001612,5,6,29,2021.292,False,21-100
nextstrain_tree_graph_300day,NODE_0001613,2,1,10,2021.419,False,6-20
nextstrain_tree_graph_300day,NODE_0001641,3,2,1,2021.3,False,=1
nextstrain_tree_graph_300day,NODE_0001642,2,1,2,2021.387,False,2-5
nextstrain_tree_graph_300day,NODE_0001644,2,27,1,2021.393,False,=1
nextstrain_tree_graph_300day,NODE_0001766,18,65,1192,2021.275,False,1000+
nextstrain_tree_graph_300day,NODE_0002129,2,1,1,2021.472,False,=1
nextstrain_tree_graph_300day,NODE_0002140,2,1,1,2021.499,False,=1
nextstrain_tree_graph_300day,NODE_0002358,2,1,49,2021.397,False,21-100
nextstrain_tree_graph_300day,NODE_0002359,2,1,1,2021.406,False,=1
nextstrain_tree_graph_300day,NODE_0002360,2,1,1,2021.406,False,=1
nextstrain_tree_graph_300day,NODE_0002361,2,1,6,2021.415,False,6-20
nextstrain_tree_graph_300day,NODE_0002369,2,1,3,2021.424,False,2-5
nextstrain_tree_graph_300day,NODE_0002372,2,1,2,2021.432,False,2-5
nextstrain_tree_graph_300day,NODE_0002375,2,1,1,2021.447,False,=1
nextstrain_tree_graph_300day,NODE_0002376,2,1,11,2021.45,False,6-20
nextstrain_tree_graph_300day,NODE_0002389,2,1,10,2021.485,False,6-20
nextstrain_tree_graph_300day,NODE_0002401,2,1,1,2021.54,False,=1
nextstrain_tree_graph_300day,NODE_0002402,2,1,1,2021.554,False,=1
nextstrain_tree_graph_300day,NODE_0002403,2,1,1,2021.642,False,=1
nextstrain_tree_graph_300day,NODE_0002404,2,1,4,2021.733,False,2-5
nextstrain_tree_graph_300day,NODE_0002410,2,1,1,2021.878,False,=1
nextstrain_tree_graph_300day,NODE_0002804,13,36,83,2021.284,False,21-100
nextstrain_tree_graph_300day,NODE_0002805,9,14,13,2021.397,False,6-20
nextstrain_tree_graph_300day,NODE_0002806,2,1,1,2021.478,False,=1
nextstrain_tree_graph_300day,NODE_0002818,7,12,24,2021.423,False,21-100
nextstrain_tree_graph_300day,NODE_0002819,3,2,1,2021.588,False,=1
nextstrain_tree_graph_300day,NODE_0002820,2,1,1,2021.658,False,=1
nextstrain_tree_graph_300day,NODE_0002842,3,2,6,2021.438,False,6-20
nextstrain_tree_graph_300day,NODE_0002887,4,3,1,2021.327,False,=1
nextstrain_tree_graph_300day,NODE_0002888,3,47,1,2021.397,False,=1
nextstrain_tree_graph_300day,NODE_0003102,4,3,7,2021.466,False,6-20
nextstrain_tree_graph_300day,NODE_0003135,2,1,1,2021.459,False,=1
nextstrain_tree_graph_300day,NODE_0003436,2,4,1,2021.401,False,=1
nextstrain_tree_graph_300day,NODE_0003508,2,1,3,2021.538,False,2-5
nextstrain_tree_graph_300day,NODE_0003509,2,1,1,2021.681,True,=1
nextstrain_tree_graph_300day,NODE_0003640,2,1,1,2021.406,False,=1
nextstrain_tree_graph_300day,NODE_0003642,2,1,1,2021.427,False,=1
nextstrain_tree_graph_300day,NODE_0003643,2,1,1,2021.436,False,=1
nextstrain_tree_graph_300day,NODE_0003644,2,1,5,2021.445,False,2-5
nextstrain_tree_graph_300day,NODE_0003653,2,1,1,2021.449,False,=1
nextstrain_tree_graph_300day,NODE_0003654,2,1,1,2021.457,False,=1
nextstrain_tree_graph_300day,NODE_0003655,2,1,1,2021.463,False,=1
nextstrain_tree_graph_300day,NODE_0003656,2,1,4,2021.478,False,2-5
nextstrain_tree_graph_300day,NODE_0003660,2,1,3,2021.494,False,2-5
nextstrain_tree_graph_300day,NODE_0003664,2,1,1,2021.539,False,=1
nextstrain_tree_graph_300day,NODE_0003665,2,1,1,2021.549,False,=1
nextstrain_tree_graph_300day,NODE_0003666,2,1,1,2021.566,False,=1
nextstrain_tree_graph_300day,NODE_0003667,2,1,13,2021.577,False,6-20
nextstrain_tree_graph_300day,NODE_0003678,2,1,1,2021.623,False,=1
nextstrain_tree_graph_300day,NODE_0003679,2,1,1,2021.675,False,=1
nextstrain_tree_graph_300day,NODE_0003681,2,1,2,2021.757,False,2-5
nextstrain_tree_graph_300day,NODE_0003684,2,1,1,2021.801,False,=1
nextstrain_tree_graph_300day,NODE_0003685,2,1,1,2021.807,False,=1
nextstrain_tree_graph_300day,NODE_0003687,2,1,3,2021.831,False,2-5
nextstrain_tree_graph_300day,NODE_0003690,2,1,1,2021.839,False,=1
nextstrain_tree_graph_300day,NODE_0003691,2,1,1,2021.843,False,=1
nextstrain_tree_graph_300day,NODE_0003692,2,1,3,2021.861,False,2-5
nextstrain_tree_graph_300day,NODE_0003695,2,1,2,2021.877,False,2-5
nextstrain_tree_graph_300day,NODE_0003698,2,1,1,2021.905,False,=1
nextstrain_tree_graph_300day,NODE_0003699,2,1,1,2021.914,False,=1
nextstrain_tree_graph_300day,NODE_0003700,2,1,2,2021.933,False,2-5
nextstrain_tree_graph_300day,NODE_0003701,2,1,1,2021.974,True,=1
nextstrain_tree_graph_300day,NODE_0004448,2,1,3,2021.397,False,2-5
nextstrain_tree_graph_300day,NODE_0004451,2,1,2,2021.397,False,2-5
nextstrain_tree_graph_300day,NODE_0004453,2,1,1,2021.406,False,=1
nextstrain_tree_graph_300day,NODE_0004454,2,1,1,2021.415,False,=1
nextstrain_tree_graph_300day,NODE_0004455,20,36,2,2021.301,False,2-5
nextstrain_tree_graph_300day,NODE_0004457,2,1,1,2021.424,False,=1
nextstrain_tree_graph_300day,NODE_0004458,2,1,1,2021.522,False,=1
nextstrain_tree_graph_300day,NODE_0004460,2,1,3,2021.431,False,2-5
nextstrain_tree_graph_300day,NODE_0004463,2,1,1,2021.436,False,=1
nextstrain_tree_graph_300day,NODE_0004464,2,1,1,2021.444,False,=1
nextstrain_tree_graph_300day,NODE_0004465,2,1,43,2021.456,False,21-100
nextstrain_tree_graph_300day,NODE_0004466,2,1,17,2021.465,False,6-20
nextstrain_tree_graph_300day,NODE_0004467,2,1,1,2021.465,True,=1
nextstrain_tree_graph_300day,NODE_0004468,2,1,8,2021.505,False,6-20
nextstrain_tree_graph_300day,NODE_0004469,3,2,1,2021.522,False,=1
nextstrain_tree_graph_300day,NODE_0004473,2,1,1,2021.577,False,=1
nextstrain_tree_graph_300day,NODE_0004474,2,1,1,2021.642,False,=1
nextstrain_tree_graph_300day,NODE_0004508,11,10,1,2021.374,False,=1
nextstrain_tree_graph_300day,NODE_0004509,11,884,1,2021.381,False,=1
nextstrain_tree_graph_300day,NODE_0004916,18,77,51,2021.321,False,21-100
nextstrain_tree_graph_300day,NODE_0004917,7,10,9,2021.405,False,6-20
nextstrain_tree_graph_300day,NODE_0004927,5,6,5,2021.428,False,2-5
nextstrain_tree_graph_300day,NODE_0004928,2,1,2,2021.437,False,2-5
nextstrain_tree_graph_300day,NODE_0004933,2,1,1,2021.579,False,=1
nextstrain_tree_graph_300day,NODE_0005016,2,1,1,2021.559,False,=1
nextstrain_tree_graph_300day,NODE_0005407,40,400,94,2021.274,False,21-100
nextstrain_tree_graph_300day,NODE_0005425,20,84,10,2021.397,False,6-20
nextstrain_tree_graph_300day,NODE_0005882,6,320,1,2021.39,False,=1
nextstrain_tree_graph_300day,NODE_0005889,2,1,1,2021.588,False,=1
nextstrain_tree_graph_300day,NODE_0006151,2,1,1,2021.724,False,=1
nextstrain_tree_graph_300day,NODE_0006233,2,2,1,2021.889,True,=1
nextstrain_tree_graph_300day,NODE_0008672,3,2,4,2021.394,False,2-5
nextstrain_tree_graph_300day,NODE_0008676,3,2,1,2021.393,False,=1
nextstrain_tree_graph_300day,NODE_0008677,3,2,1,2021.404,False,=1
nextstrain_tree_graph_300day,NODE_0008678,3,2,1,2021.404,False,=1
nextstrain_tree_graph_300day,NODE_0008679,3,2,7,2021.412,False,6-20
nextstrain_tree_graph_300day,NODE_0008686,3,2,2,2021.428,False,2-5
nextstrain_tree_graph_300day,NODE_0008688,3,2,1,2021.456,False,=1
nextstrain_tree_graph_300day,NODE_0008689,3,2,1,2021.471,False,=1
nextstrain_tree_graph_300day,NODE_0008690,3,2,3,2021.473,False,2-5
nextstrain_tree_graph_300day,NODE_0008693,3,2,1,2021.492,False,=1
nextstrain_tree_graph_300day,NODE_0008694,3,2,4,2021.5,False,2-5
nextstrain_tree_graph_300day,NODE_0008698,3,2,6,2021.513,False,6-20
nextstrain_tree_graph_300day,NODE_0008704,3,3,108,2021.53,False,101-1000
nextstrain_tree_graph_300day,NODE_0008705,2,1,1,2021.547,False,=1
nextstrain_tree_graph_300day,NODE_0008706,2,1,2,2021.563,False,2-5
nextstrain_tree_graph_300day,NODE_0008708,2,1,4,2021.571,False,2-5
nextstrain_tree_graph_300day,NODE_0008711,2,1,1,2021.582,False,=1
nextstrain_tree_graph_300day,NODE_0008712,2,1,16,2021.593,False,6-20
nextstrain_tree_graph_300day,NODE_0008728,2,1,7,2021.601,False,6-20
nextstrain_tree_graph_300day,NODE_0008735,2,1,1,2021.617,False,=1
nextstrain_tree_graph_300day,NODE_0008736,2,1,22,2021.628,False,21-100
nextstrain_tree_graph_300day,NODE_0008758,2,1,6,2021.643,False,6-20
nextstrain_tree_graph_300day,NODE_0008764,2,1,6,2021.658,False,6-20
nextstrain_tree_graph_300day,NODE_0008770,2,1,17,2021.674,False,6-20
nextstrain_tree_graph_300day,NODE_0008786,2,1,1,2021.702,False,=1
nextstrain_tree_graph_300day,NODE_0008787,2,1,9,2021.713,False,6-20
nextstrain_tree_graph_300day,NODE_0008796,2,1,1,2021.747,False,=1
nextstrain_tree_graph_300day,NODE_0008797,2,1,3,2021.771,False,2-5
nextstrain_tree_graph_300day,NODE_0008800,2,1,1,2021.806,False,=1
nextstrain_tree_graph_300day,NODE_0008801,2,1,1,2021.823,False,=1
nextstrain_tree_graph_300day,NODE_0008802,2,1,1,2021.833,False,=1
nextstrain_tree_graph_300day,NODE_0008810,2,1,1,2021.546,False,=1
nextstrain_tree_graph_300day,NODE_0008811,2,1,1,2021.557,False,=1
nextstrain_tree_graph_300day,NODE_0008812,2,1,38,2021.56,False,21-100
nextstrain_tree_graph_300day,NODE_0008813,2,1,5,2021.576,False,2-5
nextstrain_tree_graph_300day,NODE_0008818,2,1,5,2021.596,False,2-5
nextstrain_tree_graph_300day,NODE_0008823,2,1,2,2021.613,False,2-5
nextstrain_tree_graph_300day,NODE_0008825,2,1,1,2021.65,False,=1
nextstrain_tree_graph_300day,NODE_0008826,2,1,1,2021.668,False,=1
nextstrain_tree_graph_300day,NODE_0008827,2,1,8,2021.678,False,6-20
nextstrain_tree_graph_300day,NODE_0008828,2,1,1,2021.697,False,=1
nextstrain_tree_graph_300day,NODE_0008829,2,1,1,2021.714,False,=1
nextstrain_tree_graph_300day,NODE_0008833,2,1,1,2021.851,False,=1
nextstrain_tree_graph_300day,NODE_0008978,2,1,3,2021.393,False,2-5
nextstrain_tree_graph_300day,NODE_0008981,2,1,1,2021.397,False,=1
nextstrain_tree_graph_300day,NODE_0008982,2,1,179,2021.398,False,101-1000
nextstrain_tree_graph_300day,NODE_0009158,2,1,16,2021.444,False,6-20
nextstrain_tree_graph_300day,NODE_0009174,2,1,12,2021.463,False,6-20
nextstrain_tree_graph_300day,NODE_0009186,2,1,1,2021.478,False,=1
nextstrain_tree_graph_300day,NODE_0009187,2,1,1,2021.489,False,=1
nextstrain_tree_graph_300day,NODE_0009188,2,1,7,2021.504,False,6-20
nextstrain_tree_graph_300day,NODE_0009195,2,1,1,2021.513,False,=1
nextstrain_tree_graph_300day,NODE_0009196,2,1,8,2021.513,False,6-20
nextstrain_tree_graph_300day,NODE_0009204,2,1,1,2021.534,False,=1
nextstrain_tree_graph_300day,NODE_0009205,2,1,1,2021.557,False,=1
nextstrain_tree_graph_300day,NODE_0009206,2,1,46,2021.568,False,21-100
nextstrain_tree_graph_300day,NODE_0009247,2,1,25,2021.582,False,21-100
nextstrain_tree_graph_300day,NODE_0009272,2,1,3,2021.607,False,2-5
nextstrain_tree_graph_300day,NODE_0009275,2,1,1,2021.618,False,=1
nextstrain_tree_graph_300day,NODE_0009276,2,1,3,2021.634,False,2-5
nextstrain_tree_graph_300day,NODE_0009279,2,1,1,2021.656,False,=1
nextstrain_tree_graph_300day,NODE_0009280,2,1,9,2021.674,False,6-20
nextstrain_tree_graph_300day,NODE_0009289,2,1,1,2021.683,False,=1
nextstrain_tree_graph_300day,NODE_0009290,2,1,9,2021.686,False,6-20
nextstrain_tree_graph_300day,NODE_0009299,2,1,1,2021.7,False,=1
nextstrain_tree_graph_300day,NODE_0009300,2,1,1,2021.719,False,=1
nextstrain_tree_graph_300day,NODE_0009301,2,1,6,2021.728,False,6-20
nextstrain_tree_graph_300day,NODE_0009307,2,1,2,2021.735,False,2-5
nextstrain_tree_graph_300day,NODE_0009309,2,1,3,2021.743,False,2-5
nextstrain_tree_graph_300day,NODE_0009312,2,1,2,2021.759,False,2-5
nextstrain_tree_graph_300day,NODE_0009314,2,1,1,2021.776,False,=1
nextstrain_tree_graph_300day,NODE_0009315,2,1,3,2021.784,False,2-5
nextstrain_tree_graph_300day,NODE_0009318,2,1,1,2021.788,False,=1
nextstrain_tree_graph_300day,NODE_0009319,2,1,2,2021.793,False,2-5
nextstrain_tree_graph_300day,NODE_0009321,2,1,3,2021.805,False,2-5
nextstrain_tree_graph_300day,NODE_0009324,2,1,1,2021.814,False,=1
nextstrain_tree_graph_300day,NODE_0009325,2,1,1,2021.833,False,=1
nextstrain_tree_graph_300day,NODE_0009326,2,1,1,2021.847,False,=1
nextstrain_tree_graph_300day,NODE_0009327,2,1,3,2021.866,False,2-5
nextstrain_tree_graph_300day,NODE_0009330,2,1,4,2021.877,False,2-5
nextstrain_tree_graph_300day,NODE_0009334,2,1,1,2021.893,False,=1
nextstrain_tree_graph_300day,NODE_0009335,2,1,2,2021.915,False,2-5
nextstrain_tree_graph_300day,NODE_0009337,2,1,2,2021.927,False,2-5
nextstrain_tree_graph_300day,NODE_0009339,2,1,2,2021.944,False,2-5
nextstrain_tree_graph_300day,NODE_0009341,2,1,5,2021.954,False,2-5
nextstrain_tree_graph_300day,NODE_0009342,2,1,1,2021.968,False,=1
nextstrain_tree_graph_300day,NODE_0009343,2,1,1,2022.001,False,=1
nextstrain_tree_graph_300day,NODE_0009344,2,1,1,2022.028,False,=1
nextstrain_tree_graph_300day,NODE_0009345,2,1,1,2022.041,True,=1
nextstrain_tree_graph_300day,NODE_0009352,2,1,36,2021.397,False,21-100
nextstrain_tree_graph_300day,NODE_0009388,2,1,4,2021.398,False,2-5
nextstrain_tree_graph_300day,NODE_0009392,2,1,2,2021.406,False,2-5
nextstrain_tree_graph_300day,NODE_0009394,2,1,1,2021.406,False,=1
nextstrain_tree_graph_300day,NODE_0009395,2,1,1,2021.415,False,=1
nextstrain_tree_graph_300day,NODE_0009396,2,1,8,2021.423,False,6-20
nextstrain_tree_graph_300day,NODE_0009403,2,1,1,2021.431,False,=1
nextstrain_tree_graph_300day,NODE_0009404,2,1,3,2021.433,False,2-5
nextstrain_tree_graph_300day,NODE_0009407,2,1,47,2021.441,False,21-100
nextstrain_tree_graph_300day,NODE_0009451,2,1,37,2021.45,False,21-100
nextstrain_tree_graph_300day,NODE_0009488,2,1,1,2021.466,False,=1
nextstrain_tree_graph_300day,NODE_0009489,2,1,3,2021.467,False,2-5
nextstrain_tree_graph_300day,NODE_0009492,2,1,1,2021.477,False,=1
nextstrain_tree_graph_300day,NODE_0009493,2,1,1,2021.49,False,=1
nextstrain_tree_graph_300day,NODE_0009494,2,1,1,2021.497,False,=1
nextstrain_tree_graph_300day,NODE_0009495,2,1,1,2021.503,False,=1
nextstrain_tree_graph_300day,NODE_0009496,2,1,41,2021.505,False,21-100
nextstrain_tree_graph_300day,NODE_0009537,2,1,5,2021.513,False,2-5
nextstrain_tree_graph_300day,NODE_0009542,2,1,4,2021.519,False,2-5
nextstrain_tree_graph_300day,NODE_0009546,2,1,11,2021.528,False,6-20
nextstrain_tree_graph_300day,NODE_0009555,2,1,1,2021.531,False,=1
nextstrain_tree_graph_300day,NODE_0009556,2,1,5,2021.54,False,2-5
nextstrain_tree_graph_300day,NODE_0009561,2,1,1,2021.549,False,=1
nextstrain_tree_graph_300day,NODE_0009562,2,1,16,2021.555,False,6-20
nextstrain_tree_graph_300day,NODE_0009565,3,2,170,2021.384,False,101-1000
nextstrain_tree_graph_300day,NODE_0009578,2,1,100,2021.565,False,21-100
nextstrain_tree_graph_300day,NODE_0009677,2,1,2,2021.587,False,2-5
nextstrain_tree_graph_300day,NODE_0009679,2,1,1,2021.604,False,=1
nextstrain_tree_graph_300day,NODE_0009680,2,1,6,2021.614,False,6-20
nextstrain_tree_graph_300day,NODE_0009686,2,1,1,2021.62,False,=1
nextstrain_tree_graph_300day,NODE_0009687,2,1,6,2021.628,False,6-20
nextstrain_tree_graph_300day,NODE_0009692,2,1,2,2021.634,False,2-5
nextstrain_tree_graph_300day,NODE_0009694,2,1,1,2021.641,False,=1
nextstrain_tree_graph_300day,NODE_0009695,2,1,107,2021.643,False,101-1000
nextstrain_tree_graph_300day,NODE_0009751,3,2,2,2021.384,False,2-5
nextstrain_tree_graph_300day,NODE_0009802,2,1,1,2021.673,False,=1
nextstrain_tree_graph_300day,NODE_0009803,2,1,4,2021.683,False,2-5
nextstrain_tree_graph_300day,NODE_0009807,2,1,1,2021.694,False,=1
nextstrain_tree_graph_300day,NODE_0009808,2,1,21,2021.702,False,21-100
nextstrain_tree_graph_300day,NODE_0009827,2,1,1,2021.717,False,=1
nextstrain_tree_graph_300day,NODE_0009828,2,1,1,2021.727,False,=1
nextstrain_tree_graph_300day,NODE_0009829,2,1,32,2021.738,False,21-100
nextstrain_tree_graph_300day,NODE_0009861,2,1,2,2021.749,False,2-5
nextstrain_tree_graph_300day,NODE_0009863,2,1,29,2021.767,False,21-100
nextstrain_tree_graph_300day,NODE_0009892,2,1,1,2021.783,False,=1
nextstrain_tree_graph_300day,NODE_0009893,2,1,8,2021.79,False,6-20
nextstrain_tree_graph_300day,NODE_0009900,2,1,2,2021.799,False,2-5
nextstrain_tree_graph_300day,NODE_0009902,2,1,1,2021.812,False,=1
nextstrain_tree_graph_300day,NODE_0009903,2,1,6,2021.822,False,6-20
nextstrain_tree_graph_300day,NODE_0009909,2,1,16,2021.828,False,6-20
nextstrain_tree_graph_300day,NODE_0009924,2,1,3,2021.837,False,2-5
nextstrain_tree_graph_300day,NODE_0009927,2,1,2,2021.851,False,2-5
nextstrain_tree_graph_300day,NODE_0009929,2,1,13,2021.877,False,6-20
nextstrain_tree_graph_300day,NODE_0009942,2,1,4,2021.915,False,2-5
nextstrain_tree_graph_300day,NODE_0009946,2,1,1,2021.935,False,=1
nextstrain_tree_graph_300day,NODE_0009947,2,1,3,2021.95,False,2-5
nextstrain_tree_graph_300day,NODE_0009950,2,1,6,2021.965,False,6-20
nextstrain_tree_graph_300day,NODE_0009956,2,1,1,2021.984,False,=1
nextstrain_tree_graph_300day,NODE_0009957,2,1,1,2022.004,False,=1
nextstrain_tree_graph_300day,NODE_0009958,2,1,2,2022.012,False,2-5
nextstrain_tree_graph_300day,NODE_0009960,2,1,1,2022.02,False,=1
nextstrain_tree_graph_300day,NODE_0012038,2,1,1,2021.423,False,=1
nextstrain_tree_graph_300day,NODE_0012039,2,1,1,2021.429,False,=1
nextstrain_tree_graph_300day,NODE_0012040,2,1,2,2021.441,False,2-5
nextstrain_tree_graph_300day,NODE_0012043,2,1,4,2021.449,False,2-5
nextstrain_tree_graph_300day,NODE_0012047,2,1,11,2021.453,False,6-20
nextstrain_tree_graph_300day,NODE_0012058,2,1,2,2021.463,False,2-5
nextstrain_tree_graph_300day,NODE_0012060,2,1,7,2021.486,False,6-20
nextstrain_tree_graph_300day,NODE_0012070,2,1,1,2021.505,False,=1
nextstrain_tree_graph_300day,NODE_0012071,2,1,1,2021.514,False,=1
nextstrain_tree_graph_300day,NODE_0012073,2,1,2,2021.521,False,2-5
nextstrain_tree_graph_300day,NODE_0012076,2,1,2,2021.531,False,2-5
nextstrain_tree_graph_300day,NODE_0012079,2,1,12,2021.548,False,6-20
nextstrain_tree_graph_300day,NODE_0012089,2,1,1,2021.557,False,=1
nextstrain_tree_graph_300day,NODE_0012090,2,1,3,2021.565,False,2-5
nextstrain_tree_graph_300day,NODE_0012093,2,1,1,2021.593,False,=1
nextstrain_tree_graph_300day,NODE_0012095,2,1,10,2021.595,False,6-20
nextstrain_tree_graph_300day,NODE_0012107,2,1,1,2021.627,False,=1
nextstrain_tree_graph_300day,NODE_0012108,2,1,5,2021.64,False,2-5
nextstrain_tree_graph_300day,NODE_0012113,2,1,5,2021.655,False,2-5
nextstrain_tree_graph_300day,NODE_0012118,2,1,1,2021.701,False,=1
nextstrain_tree_graph_300day,NODE_0012119,2,1,1,2021.718,False,=1
nextstrain_tree_graph_300day,NODE_0012120,2,1,10,2021.722,False,6-20
nextstrain_tree_graph_300day,NODE_0012130,2,1,1,2021.73,False,=1
nextstrain_tree_graph_300day,NODE_0012131,2,1,1,2021.753,False,=1
nextstrain_tree_graph_300day,NODE_0012132,2,1,1,2021.766,False,=1
nextstrain_tree_graph_300day,NODE_0012133,2,1,7,2021.774,False,6-20
nextstrain_tree_graph_300day,NODE_0012140,2,1,34,2021.782,False,21-100
nextstrain_tree_graph_300day,NODE_0012174,2,1,7,2021.792,False,6-20
nextstrain_tree_graph_300day,NODE_0012181,2,1,13,2021.813,False,6-20
nextstrain_tree_graph_300day,NODE_0012194,2,1,8,2021.826,False,6-20
nextstrain_tree_graph_300day,NODE_0012202,2,1,1,2021.836,False,=1
nextstrain_tree_graph_300day,NODE_0012203,2,1,3,2021.851,False,2-5
nextstrain_tree_graph_300day,NODE_0012204,2,1,1,2021.87,False,=1
nextstrain_tree_graph_300day,NODE_0012342,2,1,3,2021.389,False,2-5
nextstrain_tree_graph_300day,NODE_0012345,2,1,1,2021.398,False,=1
nextstrain_tree_graph_300day,NODE_0012347,2,1,3,2021.407,False,2-5
nextstrain_tree_graph_300day,NODE_0012766,2,1,3,2021.825,False,2-5
nextstrain_tree_graph_300day,NODE_0013001,2,1,124,2021.393,False,101-1000
nextstrain_tree_graph_300day,NODE_0013055,2,1,2,2021.406,False,2-5
nextstrain_tree_graph_300day,NODE_0013057,2,1,1,2021.431,False,=1
nextstrain_tree_graph_300day,NODE_0013058,2,1,1,2021.441,False,=1
nextstrain_tree_graph_300day,NODE_0013145,2,1,1,2021.393,False,=1
nextstrain_tree_graph_300day,NODE_0013157,2,1,1,2021.394,False,=1
nextstrain_tree_graph_300day,NODE_0013163,2,1,627,2021.397,False,101-1000
nextstrain_tree_graph_300day,NODE_0013868,2,22,1,2021.389,False,=1
nextstrain_tree_graph_300day,NODE_0015318,6,5,5,2021.399,False,2-5
nextstrain_tree_graph_300day,NODE_0015323,6,5,5,2021.406,False,2-5
nextstrain_tree_graph_300day,NODE_0015328,6,5,2,2021.414,False,2-5
nextstrain_tree_graph_300day,NODE_0015330,6,5,1,2021.423,False,=1
nextstrain_tree_graph_300day,NODE_0015331,6,9,357,2021.428,False,101-1000
nextstrain_tree_graph_300day,NODE_0015332,5,4,1,2021.445,False,=1
nextstrain_tree_graph_300day,NODE_0015333,5,4,25,2021.458,False,21-100
nextstrain_tree_graph_300day,NODE_0015355,5,4,8,2021.465,False,6-20
nextstrain_tree_graph_300day,NODE_0015363,5,4,1,2021.48,False,=1
nextstrain_tree_graph_300day,NODE_0015364,5,4,1,2021.49,False,=1
nextstrain_tree_graph_300day,NODE_0015365,5,4,1,2021.498,False,=1
nextstrain_tree_graph_300day,NODE_0015366,5,4,2,2021.505,False,2-5
nextstrain_tree_graph_300day,NODE_0015368,5,4,1,2021.513,False,=1
nextstrain_tree_graph_300day,NODE_0015369,5,4,37,2021.514,False,21-100
nextstrain_tree_graph_300day,NODE_0015406,5,4,4,2021.521,False,2-5
nextstrain_tree_graph_300day,NODE_0015410,5,4,5,2021.531,False,2-5
nextstrain_tree_graph_300day,NODE_0015415,5,7,47,2021.539,False,21-100
nextstrain_tree_graph_300day,NODE_0015416,2,1,1,2021.557,False,=1
nextstrain_tree_graph_300day,NODE_0015417,2,1,4,2021.579,False,2-5
nextstrain_tree_graph_300day,NODE_0015421,2,1,1,2021.593,False,=1
nextstrain_tree_graph_300day,NODE_0015422,2,1,12,2021.628,False,6-20
nextstrain_tree_graph_300day,NODE_0015423,2,1,4,2021.669,False,2-5
nextstrain_tree_graph_300day,NODE_0015461,4,3,1,2021.552,False,=1
nextstrain_tree_graph_300day,NODE_0015462,4,3,1,2021.558,False,=1
nextstrain_tree_graph_300day,NODE_0015463,4,3,1,2021.574,False,=1
nextstrain_tree_graph_300day,NODE_0015464,4,3,1,2021.607,False,=1
nextstrain_tree_graph_300day,NODE_0015465,4,3,1,2021.648,False,=1
nextstrain_tree_graph_300day,NODE_0015466,4,3,2,2021.657,False,2-5
nextstrain_tree_graph_300day,NODE_0015468,4,3,1,2021.675,False,=1
nextstrain_tree_graph_300day,NODE_0015469,4,3,20,2021.683,False,6-20
nextstrain_tree_graph_300day,NODE_0015489,4,3,13,2021.697,False,6-20
nextstrain_tree_graph_300day,NODE_0015501,4,3,1,2021.708,False,=1
nextstrain_tree_graph_300day,NODE_0015502,4,3,4,2021.717,False,2-5
nextstrain_tree_graph_300day,NODE_0015506,4,3,1,2021.725,False,=1
nextstrain_tree_graph_300day,NODE_0015507,4,3,1,2021.73,False,=1
nextstrain_tree_graph_300day,NODE_0015508,4,5,74,2021.738,False,21-100
nextstrain_tree_graph_300day,NODE_0015509,3,2,4,2021.782,False,2-5
nextstrain_tree_graph_300day,NODE_0015513,3,2,2,2021.799,False,2-5
nextstrain_tree_graph_300day,NODE_0015515,3,2,1,2021.837,False,=1
nextstrain_tree_graph_300day,NODE_0015516,3,2,2,2021.845,False,2-5
nextstrain_tree_graph_300day,NODE_0015518,2,1,1,2021.856,False,=1
nextstrain_tree_graph_300day,NODE_0015519,2,1,1,2021.87,False,=1
nextstrain_tree_graph_300day,NODE_0015520,2,1,5,2021.881,False,2-5
nextstrain_tree_graph_300day,NODE_0015525,2,1,1,2021.887,False,=1
nextstrain_tree_graph_300day,NODE_0015526,2,1,23,2021.891,False,21-100
nextstrain_tree_graph_300day,NODE_0015527,2,1,7,2021.9,False,6-20
nextstrain_tree_graph_300day,NODE_0015528,2,1,1,2021.916,False,=1
nextstrain_tree_graph_300day,NODE_0015529,2,1,3,2021.919,False,2-5
nextstrain_tree_graph_300day,NODE_0015532,2,1,1,2021.957,False,=1
nextstrain_tree_graph_300day,NODE_0015581,2,1,5,2021.74,False,2-5
nextstrain_tree_graph_300day,NODE_0015586,2,1,29,2021.744,False,21-100
nextstrain_tree_graph_300day,NODE_0015614,2,1,1,2021.753,False,=1
nextstrain_tree_graph_300day,NODE_0015615,2,1,2,2021.768,False,2-5
nextstrain_tree_graph_300day,NODE_0015617,2,1,12,2021.782,False,6-20
nextstrain_tree_graph_300day,NODE_0015628,2,1,13,2021.792,False,6-20
nextstrain_tree_graph_300day,NODE_0015629,2,1,1,2021.807,False,=1
nextstrain_tree_graph_300day,NODE_0015630,2,1,1,2021.823,False,=1
nextstrain_tree_graph_300day,NODE_0015631,2,1,1,2021.834,False,=1
nextstrain_tree_graph_300day,NODE_0015632,2,1,1,2021.848,False,=1
nextstrain_tree_graph_300day,NODE_0015633,2,1,3,2021.856,False,2-5
nextstrain_tree_graph_300day,NODE_0015636,2,1,2,2021.864,False,2-5
nextstrain_tree_graph_300day,NODE_0015677,2,1,34,2021.441,False,21-100
nextstrain_tree_graph_300day,NODE_0015711,2,1,6,2021.45,False,6-20
nextstrain_tree_graph_300day,NODE_0015717,2,1,12,2021.459,False,6-20
nextstrain_tree_graph_300day,NODE_0015729,2,1,82,2021.467,False,21-100
nextstrain_tree_graph_300day,NODE_0015730,2,1,2,2021.486,False,2-5
nextstrain_tree_graph_300day,NODE_0015732,2,1,12,2021.5,False,6-20
nextstrain_tree_graph_300day,NODE_0015733,2,1,2,2021.512,False,2-5
nextstrain_tree_graph_300day,NODE_0015735,2,1,1,2021.522,False,=1
nextstrain_tree_graph_300day,NODE_0015736,2,1,1,2021.533,False,=1
nextstrain_tree_graph_300day,NODE_0015737,2,1,3,2021.541,False,2-5
nextstrain_tree_graph_300day,NODE_0015740,2,1,1,2021.549,False,=1
nextstrain_tree_graph_300day,NODE_0015742,2,1,1,2021.768,False,=1
nextstrain_tree_graph_300day,NODE_0016504,6,5,5,2021.39,False,2-5
