era,age_band,infections,reported_cases,n_sequences,population,case_ascertainment,infections_per_case,attack_rate_in_era,frac_infections_sequenced,frac_cases_sequenced,geo
Ancestral / pre-VOC,0-17,,35184.455077639024,40.0,1856585.8629217905,,,,,0.0011368656957095075,VA
Alpha (B.1.1.7),0-17,,24609.85110001695,722.0,1856585.8629217905,,,,,0.029337845120058558,VA
Delta (B.1.617.2),0-17,,58598.2513740102,5014.0,1856585.8629217905,,,,,0.08556569321493158,VA
Omicron BA.1,0-17,757622.9919701336,135814.62309217532,3425.0,1856585.8629217905,0.17926412547090345,5.578360965269155,0.4080732311393501,0.0045207181359340496,0.02521819758447884,VA
Omicron BA.2 / BA.5,0-17,510760.9468817455,31057.73744617316,1938.0,1856585.8629217905,0.06080679745737068,16.445529806121787,0.2751076355164843,0.003794338646742108,0.06239990930951715,VA
Ancestral / pre-VOC,18-49,661610.4371559374,294250.90017023706,380.0,3514402.311376651,0.44474948345000787,2.248456799191325,0.188256886530664,0.0005743561145037324,0.0012914149108130284,VA
Alpha (B.1.1.7),18-49,361545.40428981406,118727.91774807153,2613.0,3514402.311376651,0.3283900620484709,3.045159143252022,0.1028753603761974,0.0072273080199504475,0.022008303098050772,VA
Delta (B.1.617.2),18-49,633847.75902595,146948.4359557401,11106.0,3514402.311376651,0.23183553757697198,4.313402554463804,0.18035719956536822,0.01752155756938681,0.07557753117797765,VA
Omicron BA.1,18-49,1082285.1270552347,362487.0055085207,10034.0,3514402.311376651,0.3349274571432054,2.985721172368465,0.3079570951657169,0.009271124354541659,0.02768099227701595,VA
Omicron BA.2 / BA.5,18-49,971750.3037595795,140750.93005967504,8026.0,3514402.311376651,0.144842692114556,6.904041794591201,0.27650514018098526,0.00825932337653862,0.057022713786666755,VA
Ancestral / pre-VOC,50-64,218006.48159878157,93721.3828421594,170.0,1657183.0703544572,0.42990181830760393,2.3261125154964537,0.13155244311791808,0.0007797933288647236,0.0018138870217728757,VA
Alpha (B.1.1.7),50-64,180688.62175189776,32380.316227212224,824.0,1657183.0703544572,0.17920506511845224,5.580199417572338,0.10903359139026808,0.00456033142546977,0.025447558764343237,VA
Delta (B.1.617.2),50-64,139285.96795425896,45509.673119433406,4171.0,1657183.0703544572,0.3267355196496077,3.0605793978946747,0.08404983761055855,0.02994558648843753,0.09165084506438505,VA
Omicron BA.1,50-64,399494.2608614259,107442.09955022437,3277.0,1657183.0703544572,0.268945289272862,3.718228353073836,0.2410682730279024,0.008202871282640793,0.030500148579730137,VA
Omicron BA.2 / BA.5,50-64,424816.88671078323,33401.22697383592,3021.0,1657183.0703544572,0.07862499824912936,12.718601237120833,0.25634879713073494,0.007111299231512675,0.09044577920345354,VA
Ancestral / pre-VOC,65+,141217.25746249603,65380.26190996448,224.0,1385602.755347101,0.46297643138500927,2.1599371635581255,0.10191756397534034,0.0015862083999152094,0.0034261104721249303,VA
Alpha (B.1.1.7),65+,47076.76044819775,15654.914924699291,496.0,1385602.755347101,0.3325401912887702,3.0071553039182053,0.033975654469887914,0.010535984109309894,0.03168334049630918,VA
Delta (B.1.617.2),65+,88073.23236899968,29741.639550816264,3125.0,1385602.755347101,0.3376921540270938,2.9612769739381264,0.06356311867100528,0.03548183614866335,0.10507154438008223,VA
Omicron BA.1,65+,354802.0553142124,62783.27184907958,2376.0,1385602.755347101,0.1769529542140864,5.651219582297285,0.2560633297999848,0.0066966917592848115,0.03784447560667918,VA
Omicron BA.2 / BA.5,65+,367540.3458076529,30082.10552031586,2225.0,1385602.755347101,0.0818470839009846,12.217906275191929,0.2652566505005124,0.006053757159940266,0.07396423759292224,VA
