month,age_band,population,cum_infections,infections,reported_cases,n_sequences,case_ascertainment,infections_per_case,attack_rate,frac_infections_sequenced,frac_cases_sequenced,geo
2020-03-01,0-17,72565060.54598694,,,545.0976161501535,,,,,,,US
2020-03-01,18-49,135804466.0339028,,,33986.56928693549,,,,,,,US
2020-03-01,50-64,62831279.93787049,,,19609.77863718149,,,,,,,US
2020-03-01,65+,55089164.48223978,,,13998.554459732872,,,,,,,US
2020-04-01,0-17,72565060.54598694,,,18494.901291606246,,,,,,,US
2020-04-01,18-49,135804466.0339028,,,459250.03891680436,,,,,,,US
2020-04-01,50-64,62831279.93787049,,,244587.25471284526,,,,,,,US
2020-04-01,65+,55089164.48223978,,,250695.80507874416,,,,,,,US
2020-05-01,0-17,72565060.54598694,,,28950.303521099,,,,,,,US
2020-05-01,18-49,135804466.0339028,,,362097.56810611585,,,,,,,US
2020-05-01,50-64,62831279.93787049,,,132763.0178912825,,,,,,,US
2020-05-01,65+,55089164.48223978,,,126735.11048150265,,,,,,,US
2020-06-01,0-17,72565060.54598694,,,41197.61779935275,,,,,,,US
2020-06-01,18-49,135804466.0339028,,,424926.0810361766,,,,,,,US
2020-06-01,50-64,62831279.93787049,,,114106.65936199723,,,,,,,US
2020-06-01,65+,55089164.48223978,,,74271.64180247342,,,,,,,US
2020-07-01,0-17,72565060.54598694,,,160685.64820426548,,,,,,,US
2020-07-01,18-49,135804466.0339028,,,1235697.0537898382,,,,,,,US
2020-07-01,50-64,62831279.93787049,,,364593.28298847046,,,,,,,US
2020-07-01,65+,55089164.48223978,,,223965.01501742582,,,,,,,US
2020-08-01,0-17,72565060.54598694,5922972.301482282,1675546.9644977245,117042.08631749626,,0.06985306219248932,14.315764672483049,0.08162292233917029,,,US
2020-08-01,18-49,135804466.0339028,10173659.274414016,1323986.609824473,903398.8887145403,,0.6823323453658704,1.4655614771769239,0.07491402581616294,,,US
2020-08-01,50-64,62831279.93787049,3335445.5971310786,689640.1237247162,258605.39988717154,,0.3749860122558633,2.6667661387797907,0.053085749652549974,,,US
2020-08-01,65+,55089164.48223978,1929801.9941085083,149962.78930180497,172503.62508079188,,1.1503095260093006,0.8693312342367882,0.03503051847393071,,,US
2020-09-01,0-17,72565060.54598694,7598519.265980006,460658.678301299,113893.73733456105,,0.2472410543844516,4.044635719944122,0.10471319404694174,,,US
2020-09-01,18-49,135804466.0339028,11497645.884238489,2285639.3985731937,876931.2309867276,,0.3836699837840345,2.606406657454063,0.0846632384046057,,,US
2020-09-01,50-64,62831279.93787049,4025085.720855795,593948.0905496003,243311.40202014564,,0.4096509541684044,2.441102577266078,0.06406181323754544,,,US
2020-09-01,65+,55089164.48223978,2079764.7834103133,353362.1571420308,169636.62965856562,,0.4800645067105522,2.0830533939117797,0.037752701515028596,,,US
2020-10-01,0-17,72565060.54598694,8059177.944281305,2679457.2451971592,154398.45834449894,,0.05762303489680726,17.35417098024817,0.1110614100455953,,,US
2020-10-01,18-49,135804466.0339028,13783285.282811683,3794135.4826091826,910037.3149819297,,0.23985366868241292,4.169208690837608,0.10149360831307835,,,US
2020-10-01,50-64,62831279.93787049,4619033.811405395,1606980.3239105726,328104.6340993532,,0.2041746430976289,4.897767836537059,0.07351487692074454,,,US
2020-10-01,65+,55089164.48223978,2433126.940552344,1105889.5749343121,225494.59257421797,,0.20390335317846897,4.904284232759711,0.044167069212617316,,,US
2020-11-01,0-17,72565060.54598694,10738635.189478464,4403025.018495621,417589.6380383304,,0.09484153196590467,10.543903912892276,0.14798630509889849,,,US
2020-11-01,18-49,135804466.0339028,17577420.765420865,7536709.235592,2143582.703602831,,0.28441892032663174,3.5159404966856007,0.12943183150569412,,,US
2020-11-01,50-64,62831279.93787049,6226014.135315968,3063214.7214511614,800406.5941043762,,0.2612962743027015,3.8270733200027913,0.09909099641886085,,,US
2020-11-01,65+,55089164.48223978,3539016.515486656,1460779.0602931962,552448.0642544626,,0.37818728325937223,2.6441925581991867,0.06424160810475898,,,US
2020-12-01,0-17,72565060.54598694,15141660.207974086,4952280.413715517,770974.2081430376,,0.15568064482128213,6.423406076895284,0.20866323398680695,,,US
2020-12-01,18-49,135804466.0339028,25114130.001012865,6573560.700833183,3699660.3913613837,,0.5628091927244941,1.7768011129297938,0.18492860164660027,,,US
2020-12-01,50-64,62831279.93787049,9289228.85676713,3182073.173562417,1475812.319210961,,0.4637895606777481,2.156150299154369,0.14784401759684995,,,US
2020-12-01,65+,55089164.48223978,4999795.575779852,1917029.3013660684,1051984.0812846178,,0.5487574345029456,1.8222987737847811,0.09075823935198252,,,US
2021-01-01,0-17,72565060.54598694,20093940.621689603,2406495.6261904687,726816.670344676,,0.30202285116771294,3.3110077470419657,0.27690930691025045,,,US
2021-01-01,18-49,135804466.0339028,31687690.70184605,5988391.040869914,3030613.7236327687,,0.506081467116837,1.9759664500204548,0.23333320049971995,,,US
2021-01-01,50-64,62831279.93787049,12471302.030329546,1301733.2275377735,1185122.0132234877,,0.9104185006210098,1.098395956714286,0.19848874704862857,,,US
2021-01-01,65+,55089164.48223978,6916824.877145921,1636820.039221392,848647.5927990678,,0.5184733644895717,1.9287393885402062,0.12555690292554425,,,US
2021-02-01,0-17,72565060.54598694,22500436.24788007,1203462.3464201689,362479.159835921,,0.30119692644656076,3.3200870002151994,0.31007258973649976,,,US
2021-02-01,18-49,135804466.0339028,37676081.74271596,1750904.3989589363,1433988.3093463648,,0.818998633048723,1.221003258915707,0.2774288861259566,,,US
2021-02-01,50-64,62831279.93787049,13773035.25786732,1058972.1913058627,523655.28300272994,,0.4944938944591064,2.0222696603642247,0.21920666380641177,,,US
2021-02-01,65+,55089164.48223978,8553644.916367313,545983.7409391738,339887.24781498435,,0.6225226546679345,1.6063672422225648,0.1552690986831889,,,US
2021-03-01,0-17,72565060.54598694,23703898.59430024,2170668.4658565447,297431.2110601815,,0.13702286449479298,7.298052070995794,0.32665718757690937,,,US
2021-03-01,18-49,135804466.0339028,39426986.1416749,2693261.7214154527,1153487.9457673628,,0.42828661492324016,2.334885016612591,0.2903217198455917,,,US
2021-03-01,50-64,62831279.93787049,14832007.449173182,1674748.4255955163,412602.1083765363,,0.24636661964905024,4.0589914389559025,0.2360608834300293,,,US
2021-03-01,65+,55089164.48223978,9099628.657306487,545804.7257057391,196690.73479591942,,0.3603683250297868,2.774938668423046,0.16518000849768052,,,US
2021-04-01,0-17,72565060.54598694,25874567.060156785,1950638.257166177,318103.5873974233,,0.16307666797202763,6.1320850642565805,0.35657059837715144,,,US
2021-04-01,18-49,135804466.0339028,42120247.86309035,3090845.434260361,1006500.0976002581,,0.32563909098906896,3.070884386032044,0.3101536281772595,,,US
2021-04-01,50-64,62831279.93787049,16506755.874768699,725961.3364076596,301036.09364893194,,0.41467235037416206,2.411542508435135,0.26271557560328374,,,US
2021-04-01,65+,55089164.48223978,9645433.383012226,426428.91043771803,124403.22135338676,,0.29173261546852003,3.4277963689250472,0.17508766875783388,,,US
2021-05-01,0-17,72565060.54598694,27825205.317322962,1207802.6643606238,178388.5533900163,,0.14769677088305655,6.770628728178361,0.3834518307841718,,,US
2021-05-01,18-49,135804466.0339028,45211093.29735071,1956870.663167581,549741.4631499663,,0.28092886949416546,3.5596199201619214,0.3329131553454511,,,US
2021-05-01,50-64,62831279.93787049,17232717.21117636,750160.0476212464,161091.90773584755,,0.21474338475725166,4.656720863045031,0.27426971451507276,,,US
2021-05-01,65+,55089164.48223978,10071862.293449944,440643.2074523084,75637.07572416986,,0.17165151860954578,5.825756789689064,0.18282837265932786,,,US
2021-06-01,0-17,72565060.54598694,29033007.981683586,2069805.2666831948,64022.02506791518,,0.030931424370423354,32.32958133529087,0.40009624140373157,,,US
2021-06-01,18-49,135804466.0339028,47167963.96051829,3529433.107642688,304420.1508930903,,0.08625185450714289,11.593953610785096,0.34732262743659026,,,US
2021-06-01,50-64,62831279.93787049,17982877.258797605,1168939.5641842522,80321.69023349993,,0.06871329596030283,14.553224176260176,0.2862089913905881,,,US
2021-06-01,65+,55089164.48223978,10512505.500902252,617561.3202621359,42334.1338054946,,0.06855049436633281,14.58778684594184,0.190827100024205,,,US
2021-07-01,0-17,72565060.54598694,31102813.24836678,4599695.961076081,177151.9605745479,,0.03851384136552884,25.964691252403426,0.42861968300372155,,,US
2021-07-01,18-49,135804466.0339028,50697397.06816098,7600360.742738195,679849.6402195725,,0.08944965419820874,11.17947306743222,0.37331170725640694,,,US
2021-07-01,50-64,62831279.93787049,19151816.822981857,2272732.9909506217,175013.49122503126,,0.07700574239115873,12.986044533151766,0.3048134120762742,,,US
2021-07-01,65+,55089164.48223978,11130066.821164388,1145168.8391789943,99723.90798084841,,0.08708227517991447,11.483393123732371,0.20203731397582939,,,US
2021-08-01,0-17,72565060.54598694,35702509.20944286,4982337.631230935,779305.2151045229,,0.15641356985114394,6.393307185250504,0.4920068823868337,,,US
2021-08-01,18-49,135804466.0339028,58297757.810899176,6662247.831591584,1867386.172749787,,0.2802937116651327,3.567686174831854,0.429277177057973,,,US
2021-08-01,50-64,62831279.93787049,21424549.81393248,1999784.456944,550515.4127636061,,0.27528737452279445,3.6325676095152617,0.34098541101053065,,,US
2021-08-01,65+,55089164.48223978,12275235.660343383,1177538.523509318,350656.19938208413,,0.2977874544070569,3.358099829931258,0.22282486539255467,,,US
2021-09-01,0-17,72565060.54598694,40684846.8406738,4195107.5837277025,1192246.9235156358,,0.2841993678875394,3.518656664977912,0.5606671659136897,,,US
2021-09-01,18-49,135804466.0339028,64960005.64249076,4113456.1254281253,2496671.0125957695,,0.606952143517981,1.6475763545439641,0.47833482608940026,,,US
2021-09-01,50-64,62831279.93787049,23424334.27087648,1319499.233780533,788982.9981926994,,0.597941232547868,1.6724051555015405,0.37281325947902355,,,US
2021-09-01,65+,55089164.48223978,13452774.1838527,966000.1854480263,529290.0656958951,,0.5479192174796663,1.825086560387181,0.2442000039443282,,,US
2021-10-01,0-17,72565060.54598694,44879954.4244015,2606514.4659379274,520450.22581320006,,0.19967287065330805,5.008191632283886,0.6184788393576762,,,US
2021-10-01,18-49,135804466.0339028,69073461.76791888,4354233.082027584,1136364.6957503832,,0.26097929861421787,3.8317215400222593,0.5086243758042176,,,US
2021-10-01,50-64,62831279.93787049,24743833.50465701,1778116.745309785,403991.7841040805,,0.22720205811553545,4.401368580435507,0.3938139335872909,,,US
2021-10-01,65+,55089164.48223978,14418774.369300727,884700.4454968572,288325.29433233634,,0.32590160409652535,3.0684107946391714,0.2617352160777316,,,US
2021-11-01,0-17,72565060.54598694,47486468.89033943,4959756.444672875,518372.94599386264,,0.10451580672890327,9.567930739833782,0.654398529168809,,,US
2021-11-01,18-49,135804466.0339028,73427694.84994647,7739324.040103748,1143216.8363761888,,0.14771533411086682,6.769777870518549,0.5406868934016917,,,US
2021-11-01,50-64,62831279.93787049,26521950.249966796,3230007.950090591,404833.15927336965,,0.12533503493761228,7.97861508155136,0.422113798671498,,,US
2021-11-01,65+,55089164.48223978,15303474.814797584,1828893.0352532454,251516.05835657884,,0.13752365693806232,7.27147621191006,0.27779464362236383,,,US
2021-12-01,0-17,72565060.54598694,52446225.3350123,14179731.616254784,905096.2656354719,,0.06383028185088668,15.666545266650873,0.7227476273071577,,,US
2021-12-01,18-49,135804466.0339028,81167018.89005022,23529037.81365584,3182378.3486480424,,0.1352532293862457,7.393538805230871,0.597675623346491,,,US
2021-12-01,50-64,62831279.93787049,29751958.200057387,8109763.233175464,951393.7106971528,,0.11731460997593446,8.524087496051317,0.47352144074539054,,,US
2021-12-01,65+,55089164.48223978,17132367.85005083,4218309.521781638,517029.6750193328,,0.12256797950686203,8.158737739035786,0.3109934233178312,,,US
2022-01-01,0-17,72565060.54598694,66625956.951267086,11463961.570474498,4156646.553164313,,0.36258378289314763,2.757983250162893,0.918154776554537,,,US
2022-01-01,18-49,135804466.0339028,104696056.70370606,22257486.071907535,10124651.075943276,,0.4548874496982023,2.1983459879217504,0.770932354150778,,,US
2022-01-01,50-64,62831279.93787049,37861721.43323285,8106937.818861276,3247479.3033959335,,0.4005802654413456,2.496378594432839,0.6025935086898069,,,US
2022-01-01,65+,55089164.48223978,21350677.371832468,5515298.754866719,1895184.0674964767,,0.3436231021618112,2.910165217963438,0.3875658230161708,,,US
2022-02-01,0-17,72565060.54598694,78089918.52174158,3719547.144733399,998207.0863774203,,0.2683679081177414,3.726227949585047,1.0761366136014365,,,US
2022-02-01,18-49,135804466.0339028,126953542.77561359,10670959.321809873,2804514.469958839,,0.26281746423930447,3.8049221838981944,0.9348259779904468,,,US
2022-02-01,50-64,62831279.93787049,45968659.25209413,3410610.818244055,995776.285599708,,0.2919642077815202,3.4250773668404935,0.7316206083585972,,,US
2022-02-01,65+,55089164.48223978,26865976.126699187,2148540.701292474,763099.1580640328,,0.3551709109373556,2.8155458941185025,0.4876816771356284,,,US
2022-03-01,0-17,72565060.54598694,81809465.66647498,4220759.388675183,201750.25635517592,,0.04779951610046682,20.920713881248552,1.127394713804856,,,US
2022-03-01,18-49,135804466.0339028,137624502.09742346,10036936.73649171,650559.3846986128,,0.06481652737068143,15.428163781145914,1.0134018866733463,,,US
2022-03-01,50-64,62831279.93787049,49379270.07033818,3265109.2611910924,214670.40473001363,,0.06574677524013489,15.209871455255094,0.7859026605723444,,,US
2022-03-01,65+,55089164.48223978,29014516.82799166,2049829.9401150383,158828.9542161976,,0.07748396640517602,12.90589584393293,0.5266828259365898,,,US
2022-04-01,0-17,72565060.54598694,86030225.05515017,4253702.82474266,156801.95152853537,,0.03686246030551548,27.12786915772892,1.1855598880211766,,,US
2022-04-01,18-49,135804466.0339028,147661438.83391517,10145037.867878497,551351.9598263477,,0.0543469592727745,18.400293473290183,1.087309152241373,,,US
2022-04-01,50-64,62831279.93787049,52644379.331529275,3825530.9241633117,189728.59373262248,,0.04959536270749617,20.16317545448364,0.8378689624592347,,,US
2022-04-01,65+,55089164.48223978,31064346.7681067,2556306.9947213754,148084.49491249444,,0.057929073158380535,17.262489204098912,0.5638921385006945,,,US
2022-05-01,0-17,72565060.54598694,90283927.87989283,5664138.082348585,380381.23388239933,,0.06715606652807404,14.890687494062181,1.2441790470591125,,,US
2022-05-01,18-49,135804466.0339028,157806476.70179367,11210498.947421402,1216601.1008281128,,0.10852336782993507,9.21460529650242,1.162012423526618,,,US
2022-05-01,50-64,62831279.93787049,56469910.25569259,5305773.85346622,462787.46783945616,,0.08722336847001512,11.464817485738024,0.8987547334947145,,,US
2022-05-01,65+,55089164.48223978,33620653.762828074,3913872.846908927,344934.19745003193,,0.0881311710783992,11.346723160077223,0.6102952201002622,,,US
2022-06-01,0-17,72565060.54598694,95948065.96224141,6283009.933814988,511399.1592438011,,0.0813939759177309,12.285921515994644,1.3222350431504963,,,US
2022-06-01,18-49,135804466.0339028,169016975.64921507,10728863.155024618,1841873.1874353993,,0.1716745903849841,5.824973851735879,1.2445612473968344,,,US
2022-06-01,50-64,62831279.93787049,61775684.10915881,5574693.795554452,665689.6803609701,,0.11941277938742131,8.37431307712563,0.983199517346209,,,US
2022-06-01,65+,55089164.48223978,37534526.609737,4373118.638504684,516043.97295982955,,0.11800365268303864,8.474313949298079,0.6813413665374753,,,US
