month,n_sequences,sequence_source,reported_cases,cases_surveillance,hosp_admissions,cum_infections,infections,population,frac_infections_sequenced,frac_cases_sequenced,case_ascertainment,infections_per_case,geo
2020-03-01,2,reconciled,395.0,1539,,,,8413774.0,,0.005063291139240506,,,VA
2020-04-01,62,reconciled,14566.0,8362,,,,8413774.0,,0.00425648771110806,,,VA
2020-05-01,91,reconciled,25285.0,12026,,,,8413774.0,,0.0035989717223650387,,,VA
2020-06-01,10,reconciled,19258.0,7297,,,,8413774.0,,0.0005192647211548448,,,VA
2020-07-01,59,reconciled,28486.0,17445,,,,8413774.0,,0.0020711928666713474,,,VA
2020-08-01,74,reconciled,27469.0,15643,1568.0,407341.4202151055,35917.338868493214,8413774.0,0.0020602862665004672,0.002693945902653901,0.7647838304662342,1.3075590253920133,VA
2020-09-01,22,reconciled,32811.0,13514,1672.0,443258.75908359874,36502.26253239199,8413774.0,0.0006027023662020202,0.000670506842217549,0.8988757880661129,1.112500762926823,VA
2020-10-01,84,reconciled,28487.0,16212,2407.0,479761.0216159907,34072.12271622871,8413774.0,0.0024653585777322413,0.002948713448239548,0.8360794024268852,1.19605864837395,VA
2020-11-01,157,reconciled,49530.0,32844,3431.0,513833.14433221944,163139.19641514047,8413774.0,0.0009623683544479522,0.00316979608318191,0.30360576175673293,3.293745132548768,VA
2020-12-01,157,reconciled,118057.0,63615,6071.0,676972.3407473599,407995.882895377,8413774.0,0.00038480780464213594,0.0013298660816385306,0.28935831205501045,3.4559228414696035,VA
2021-01-01,174,reconciled,144193.0,79687,9912.0,1084968.223642737,306125.4415447584,8413774.0,0.0005683944435391188,0.0012067159986961918,0.4710258620530814,2.1230256777011256,VA
2021-02-01,678,reconciled,80209.0,30753,5090.0,1391093.6651874953,127895.80171776097,8413774.0,0.005301190429191748,0.008452916754977622,0.6271433379572875,1.5945318071258958,VA
2021-03-01,1299,reconciled,50046.0,18675,3302.0,1518989.4669052563,235115.4872482228,8413774.0,0.005524944422859659,0.02595612036926028,0.21285709667931835,4.697987596375791,VA
2021-04-01,1479,reconciled,38087.0,14870,3185.0,1754104.954153479,130839.76073288941,8413774.0,0.011303903276156185,0.03883214745188647,0.291096527436755,3.4352865999655897,VA
2021-05-01,984,reconciled,16431.0,4264,2312.0,1884944.7148863685,88004.816604472,8413774.0,0.011181206188094001,0.05988679934270586,0.186705689915216,5.356023163804516,VA
2021-06-01,577,reconciled,6600.0,950,817.0,1972949.5314908405,88338.41071892693,8413774.0,0.006531700030645616,0.08742424242424242,0.0747126866590313,13.384607684685898,VA
2021-07-01,2382,reconciled,12205.0,7376,1293.0,2061287.9422097674,85608.90286819334,8413774.0,0.027824208933823345,0.19516591560835722,0.14256694795857006,7.0142484939117855,VA
2021-08-01,6133,reconciled,55526.0,35296,3773.0,2146896.8450779608,85608.90286819357,8413774.0,0.07163974533633001,0.1104527608687822,0.6486007662718181,1.5417804788422285,VA
2021-09-01,7136,reconciled,116027.0,41534,5911.0,2232505.7479461543,82847.32535631629,8413774.0,0.08613434373782052,0.06150292604307618,1.4004918022516957,0.7140348828834348,VA
2021-10-01,4282,reconciled,57686.0,23901,4992.0,2315353.0733024706,440982.7434709226,8413774.0,0.009710130528684385,0.07422944908643345,0.13081237498311243,7.644536689507378,VA
2021-11-01,3576,reconciled,39354.0,19183,2508.0,2756335.816773393,483832.6225585034,8413774.0,0.007390985711319212,0.09086751029120292,0.08133804577272266,12.294369633544326,VA
2021-12-01,6617,reconciled,126697.0,88868,4262.0,3240168.4393318966,1197600.4286597092,8413774.0,0.005525215123215508,0.052226966700079716,0.10579238030316385,9.452476606862902,VA
2022-01-01,6930,reconciled,415266.0,232216,14523.0,4437768.867991606,952621.2732624356,8413774.0,0.007274664333567606,0.016688098712632386,0.4359193014636775,2.294002574885581,VA
2022-02-01,4673,reconciled,126564.0,37720,5504.0,5390390.141254041,487809.7841923917,8413774.0,0.0095795536527348,0.03692203154135457,0.2594535905210202,3.854253849375744,VA
2022-03-01,1621,reconciled,35467.0,10579,1439.0,5878199.925446433,471699.6632998483,8413774.0,0.003436508706959938,0.04570445766487157,0.07518979291162747,13.2996775396805,VA
2022-04-01,3167,reconciled,32167.0,15026,1067.0,6349899.588746281,528562.7223926606,8413774.0,0.005991720312139772,0.09845493829079491,0.06085748887925483,16.431831454368158,VA
2022-05-01,6002,reconciled,72902.0,10484,1970.0,6878462.311138942,684618.367338079,8413774.0,0.008766928096505604,0.08232970288880964,0.10648560348074836,9.390940815589135,VA
2022-06-01,4174,reconciled,94756.0,1220,2713.0,7563080.678477021,688029.6115049692,8413774.0,0.006066599358812414,0.04404998100384144,0.1377208166851052,7.261066439116987,VA
