half_life_days,series,geo,sequence_source,era,infections,frac_infections_sequenced,case_ascertainment
none,US · GISAID,US,gisaid,Ancestral / pre-VOC,67729955.18211111,0.0048958544134336205,0.37661582576592695
none,US · GISAID,US,gisaid,Alpha (B.1.1.7),7535962.665954903,0.07074928892743411,1.051786261602405
none,US · GISAID,US,gisaid,Delta (B.1.617.2),40311813.16955641,0.03302419056172286,0.3560709100239648
none,US · GISAID,US,gisaid,Omicron BA.1,89990499.07329176,0.011962585062710243,0.33938533861364467
none,US · GISAID,US,gisaid,Omicron BA.2 / BA.5,43983398.167395085,0.013927777878111156,0.18669512457287074
none,VA · GISAID,VA,gisaid,Ancestral / pre-VOC,1175718.5735772264,0.002852723496402002,0.41552205687589294
none,VA · GISAID,VA,gisaid,Alpha (B.1.1.7),279864.32842277386,0.02319338100922403,0.6838063324415699
none,VA · GISAID,VA,gisaid,Delta (B.1.617.2),720207.588635406,0.026514577604189973,0.3898848115888844
none,VA · GISAID,VA,gisaid,Omicron BA.1,2048374.4584519574,0.007187650646223538,0.3263695254749632
none,VA · GISAID,VA,gisaid,Omicron BA.2 / BA.5,1269096.1726435171,0.013878380834852147,0.18540123677931253
none,VA · reconciled,VA,reconciled,Ancestral / pre-VOC,1175718.5735772264,0.0007586849608797215,0.41552205687589294
none,VA · reconciled,VA,reconciled,Alpha (B.1.1.7),279864.32842277386,0.01792654329429625,0.6838063324415699
none,VA · reconciled,VA,reconciled,Delta (B.1.617.2),720207.588635406,0.03264197763389726,0.3898848115888844
none,VA · reconciled,VA,reconciled,Omicron BA.1,2048374.4584519574,0.008894858029898312,0.3263695254749632
none,VA · reconciled,VA,reconciled,Omicron BA.2 / BA.5,1269096.1726435171,0.011791068575071114,0.18540123677931253
545,US · GISAID,US,gisaid,Ancestral / pre-VOC,77053367.16177449,0.0043034589170361645,0.33104553298034695
545,US · GISAID,US,gisaid,Alpha (B.1.1.7),21072065.76705864,0.025301933179872668,0.37614831348860145
545,US · GISAID,US,gisaid,Delta (B.1.617.2),58971753.208412886,0.0225746213665237,0.2434023616233998
545,US · GISAID,US,gisaid,Omicron BA.1,109499145.94584695,0.009831300424319244,0.2789195818486507
545,US · GISAID,US,gisaid,Omicron BA.2 / BA.5,78852540.54553196,0.007768817539192291,0.10413724076852575
545,VA · GISAID,VA,gisaid,Ancestral / pre-VOC,1320005.8371124333,0.002540897854919348,0.3701021512667661
545,VA · GISAID,VA,gisaid,Alpha (B.1.1.7),541359.9347075124,0.011990174344000869,0.3535041803627296
545,VA · GISAID,VA,gisaid,Delta (B.1.617.2),1027488.520373978,0.01858512248200065,0.27328577831487316
545,VA · GISAID,VA,gisaid,Omicron BA.1,2443406.206597148,0.006025604731725816,0.2736045272353776
545,VA · GISAID,VA,gisaid,Omicron BA.2 / BA.5,2008579.6849134713,0.008768882873949191,0.1171434729561831
545,VA · reconciled,VA,reconciled,Ancestral / pre-VOC,1320005.8371124333,0.0006757545875337085,0.3701021512667661
545,VA · reconciled,VA,reconciled,Alpha (B.1.1.7),541359.9347075124,0.009267401738384279,0.3535041803627296
545,VA · reconciled,VA,reconciled,Delta (B.1.617.2),1027488.520373978,0.022880060977657796,0.27328577831487316
545,VA · reconciled,VA,reconciled,Omicron BA.1,2443406.206597148,0.0074568035191227575,0.2736045272353776
545,VA · reconciled,VA,reconciled,Omicron BA.2 / BA.5,2008579.6849134713,0.007450040499958876,0.1171434729561831
365,US · GISAID,US,gisaid,Ancestral / pre-VOC,81646850.2707088,0.0040613446679272774,0.31242078433430004
365,US · GISAID,US,gisaid,Alpha (B.1.1.7),27741068.605433628,0.019219302889275487,0.2857215817002628
365,US · GISAID,US,gisaid,Delta (B.1.617.2),68165181.49080323,0.019529985410214345,0.21057471990941018
365,US · GISAID,US,gisaid,Omicron BA.1,119110717.34081623,0.009037969244360382,0.25641232528732505
365,US · GISAID,US,gisaid,Omicron BA.2 / BA.5,96031961.22182238,0.006379032482581376,0.08550784442517473
365,VA · GISAID,VA,gisaid,Ancestral / pre-VOC,1391093.6651874953,0.002411052601226488,0.35118914867184997
365,VA · GISAID,VA,gisaid,Alpha (B.1.1.7),670194.2770222721,0.009685251310769234,0.28554854399874297
365,VA · GISAID,VA,gisaid,Delta (B.1.617.2),1178880.4971221292,0.01619841879360712,0.2381903854423592
365,VA · GISAID,VA,gisaid,Omicron BA.1,2638031.4861145364,0.005581055448919219,0.25341888583166605
365,VA · GISAID,VA,gisaid,Omicron BA.2 / BA.5,2372910.364535557,0.007422530687730947,0.09915755922202861
365,VA · reconciled,VA,reconciled,Ancestral / pre-VOC,1391093.6651874953,0.0006412220990739498,0.35118914867184997
365,VA · reconciled,VA,reconciled,Alpha (B.1.1.7),670194.2770222721,0.007485889050397357,0.28554854399874297
365,VA · reconciled,VA,reconciled,Delta (B.1.617.2),1178880.4971221292,0.01994180076554827,0.2381903854423592
365,VA · reconciled,VA,reconciled,Omicron BA.1,2638031.4861145364,0.006906665100815607,0.25341888583166605
365,VA · reconciled,VA,reconciled,Omicron BA.2 / BA.5,2372910.364535557,0.006306180049463798,0.09915755922202861
180,US · GISAID,US,gisaid,Ancestral / pre-VOC,95922812.35706112,0.003456904482383959,0.2659239483622404
180,US · GISAID,US,gisaid,Alpha (B.1.1.7),48467482.40006474,0.011000447590801371,0.16353690366201923
180,US · GISAID,US,gisaid,Delta (B.1.617.2),96737188.9392977,0.013761667199523079,0.14837999901989096
180,US · GISAID,US,gisaid,Omicron BA.1,148982260.47503826,0.007225820017547452,0.20500062156807705
180,US · GISAID,US,gisaid,Omicron BA.2 / BA.5,149423418.73326898,0.004099698729912725,0.05495447815083166
180,VA · GISAID,VA,gisaid,Ancestral / pre-VOC,1612025.6060118594,0.0020806121115518592,0.30305784112737344
180,VA · GISAID,VA,gisaid,Alpha (B.1.1.7),1070595.0497449192,0.006062983386245388,0.17875386220550588
180,VA · GISAID,VA,gisaid,Delta (B.1.617.2),1649387.5326288133,0.011577630861295872,0.17024379925587338
180,VA · GISAID,VA,gisaid,Omicron BA.1,3242902.1355857095,0.004540069167810652,0.20615084021931346
180,VA · GISAID,VA,gisaid,Omicron BA.2 / BA.5,3505203.8433258943,0.0050248147575029465,0.0671264812310443
180,VA · reconciled,VA,reconciled,Ancestral / pre-VOC,1612025.6060118594,0.0005533410863161176,0.30305784112737344
180,VA · reconciled,VA,reconciled,Alpha (B.1.1.7),1070595.0497449192,0.004686178962993855,0.17875386220550588
180,VA · reconciled,VA,reconciled,Delta (B.1.617.2),1649387.5326288133,0.01425316945528931,0.17024379925587338
180,VA · reconciled,VA,reconciled,Omicron BA.1,3242902.1355857095,0.00561842425032331,0.20615084021931346
180,VA · reconciled,VA,reconciled,Omicron BA.2 / BA.5,3505203.8433258943,0.0042690812485819615,0.0671264812310443
